Response_ID,今年的中秋節您有與家人團聚嗎？（延後到國慶連假也算）,今年中秋節（含國慶連假）團圓時您有烤肉嗎？,肉片:請問在烤肉時，您最喜歡的食材是哪些？（可複選）,香腸:請問在烤肉時，您最喜歡的食材是哪些？（可複選）,黑輪:請問在烤肉時，您最喜歡的食材是哪些？（可複選）,玉米:請問在烤肉時，您最喜歡的食材是哪些？（可複選）,貢丸:請問在烤肉時，您最喜歡的食材是哪些？（可複選）,米血:請問在烤肉時，您最喜歡的食材是哪些？（可複選）,蔬菜:請問在烤肉時，您最喜歡的食材是哪些？（可複選）,海鮮:請問在烤肉時，您最喜歡的食材是哪些？（可複選）,雞翅、雞腿:請問在烤肉時，您最喜歡的食材是哪些？（可複選）,豆干、豆腐:請問在烤肉時，您最喜歡的食材是哪些？（可複選）,我喜歡的是：:請問在烤肉時，您最喜歡的食材是哪些？（可複選）,對於這種「到府烤肉」服務，您的感受是？,喜歡，因為…:對於這種「到府烤肉」服務，您的感受是？,不喜歡，因為…:對於這種「到府烤肉」服務，您的感受是？,如果大家都烤肉，您會覺得「不好玩」嗎？,如果大家都烤肉，您會覺得「不好玩」嗎？: Comments,無論您喜不喜歡烤肉，現在我們來談談對它的印象吧。 您覺得戶外的烤肉對您的健康有多大影響？,對您來說，烤肉費用的支出是不是一種負擔？,對您來說，烤肉費用的支出是不是一種負擔？: Comments,準備烤肉食材對您來說會不會很麻煩？,在烤肉活動中，請問下列哪一項是您最無法忍受的？,我最受不了的是：:在烤肉活動中，請問下列哪一項是您最無法忍受的？,在烤肉活動中，請問下列哪一項是您最無法忍受的？: Comments,您在不在意您烤肉時造成的污染嗎？,您在不在意您烤肉時造成的污染嗎？: Comments,請問這樣的活動對您來說有趣嗎？,請問您是否參與過這類的大型烤肉活動？,我覺得「封街烤肉」…,我覺得：:我覺得「封街烤肉」…,請問您比較喜歡「封街大家一起烤肉」，還是「自己家烤自己的」？,集體烤肉，因為：:請問您比較喜歡「封街大家一起烤肉」，還是「自己家烤自己的」？,自己烤，因為：:請問您比較喜歡「封街大家一起烤肉」，還是「自己家烤自己的」？,請問您比較喜歡「封街大家一起烤肉」，還是「自己家烤自己的」？: Comments,最後，我們來談談節慶與團聚。 請問您覺得一天之內自己可以自由支配的時間（用來做自己想做的事）大約有多少？,春節:請問您今年挑了什麼時間與全家團聚（可複選）？,端午:請問您今年挑了什麼時間與全家團聚（可複選）？,中秋:請問您今年挑了什麼時間與全家團聚（可複選）？,長假連假:請問您今年挑了什麼時間與全家團聚（可複選）？,平時週休或排假時:請問您今年挑了什麼時間與全家團聚（可複選）？,以上都沒有:請問您今年挑了什麼時間與全家團聚（可複選）？,說回到烤肉，請問您明年會不會想全家人一起烤肉？,"平時用社群媒體（Line, Facebook等）與家人聯繫感情。您覺得夠不夠？","我有其他想法：:平時用社群媒體（Line, Facebook等）與家人聯繫感情。您覺得夠不夠？","平時用社群媒體（Line, Facebook等）與家人聯繫感情。您覺得夠不夠？: Comments",大家圍著烤肉比其他活動要較為容易聯絡感情。,"「請問您多常使用手機上的社群媒體（Line, FB等）APP與家人聯絡？」",請問您使用手機與家人聯絡時，比較喜歡使用文字簡訊（例如Line留言），還是使用講話（含視訊）？,關於性別，您會以生理性別或社會性別來描述自己？,Gender,Social_gender,Bornyear,Edu,Residence,Job,Other_Job
5,1,1,1,,,,,,7,8,,,,3,,,2,,2,2,,1,2,,,1,,1,2,2,,3,,,,2,1,,3,,5,,6,3,,,1,1,1,,0,0,1985,大學,2,事務工作人員,
6,1,1,1,2,3,,,,,8,9,,,3,,,2,,2,2,,2,2,,,1,,1,2,2,,3,,,,1,,,,4,,,1,2,,,1,2,1,,1,0,1988,大學,12,民意代表/行政主管/企業主管及經理人員,
7,1,1,1,,,4,,6,,,,10,,1,,,1,,1,2,,1,2,,,1,,2,2,5,,3,,,,2,1,,3,,5,,5,3,,,1,1,1,,1,0,1992,研究所以上,2,現役軍人,
8,2,2,,,,,,,,,,,,1,,,1,,2,2,,1,90,碳燒煙味,,2,,1,1,2,,2,,,,2,1,2,,4,,,8,2,,,1,2,1,,0,0,1967,專科,14,服務工作人員及銷售員,
9,1,1,1,2,,,,,,,,,,3,,,2,,1,2,,2,1,,,1,,1,2,2,,1,,,,2,1,,3,,,,8,3,,,1,2,1,,0,0,1988,大學,14,待業或無業,
10,2,2,,,,,,,,,,,,3,,,2,,1,2,,1,2,,,1,,2,1,4,,3,,,,3,1,,,,5,,2,2,,,2,1,2,,0,0,1991,大學,7,事務工作人員,
11,1,1,,,,,,,7,,,,,3,,,1,,2,2,,1,3,,,2,,1,2,3,,3,,,,2,,2,,,,,7,2,,,1,2,2,,0,0,1987,高中/職,2,家管,
12,1,2,,,,,,,,,,,,1,,,2,,2,2,,1,1,,,1,,2,2,4,,3,,,,2,1,2,3,4,5,,5,3,,,2,1,2,,0,0,1994,研究所以上,8,學生,
13,1,1,1,,,,,,7,,,,,3,,,2,,2,1,,1,4,,,1,,1,2,3,,2,,,,2,1,2,3,,5,,6,2,,,1,1,1,,1,4,1983,大學,2,其他,
14,1,1,1,,,,,,7,8,,,90,92,,其實我想填不一定，但沒有這選項，如果是有外來客人參加我會選代烤，如果全家人，我會自己烤，所以不一定,2,,2,2,,2,90,竹籤難處理,,2,,2,2,90,很無聊，要烤自己在家烤，對自己垃圾負責，不是自己的地方就不會在意整理這是人性,3,,,,3,1,,3,4,,,5,2,,,2,2,1,,0,0,1975,大學,8,服務工作人員及銷售員,
15,1,2,,,,,,,,,,,,3,,,2,,2,1,,1,3,,,1,,2,2,5,,3,,,,2,,,,4,,,5,3,,,2,2,1,,1,0,1985,研究所以上,2,技術工作及有關工作人員,
16,2,2,,,,,,,,,,,,1,,,2,,3,1,,1,2,,,1,,2,2,4,,4,,,,2,,,,,,99,5,2,,,2,1,2,,1,0,1985,大學,8,其他,
17,1,1,,2,,,,,,,,,,1,,,2,,2,1,,1,5,,,2,,2,1,4,,99,,,,3,,2,,,,,5,3,,,1,3,1,,1,0,1997,大學,6,學生,
18,1,1,,,3,,,6,,8,,,,3,,,2,,2,2,,2,1,,,2,,1,2,2,,3,,,,2,1,2,3,4,5,,8,3,,,1,3,2,,1,0,1973,大學,6,事務工作人員,
20,1,2,,,,,,,,,,,,1,,,2,,2,2,,1,1,,,1,,2,2,90,不喜歡，感覺很吵雜,4,,,,2,,,,,5,,7,4,,,1,2,2,,0,0,1995,大學,1,學生,
21,1,1,1,,,,,6,7,,,10,,3,,,2,,2,2,,2,2,,,1,,1,1,4,,3,,,,2,,,,4,,,6,3,,,1,2,2,,0,0,1987,大學,5,專業人員,
22,2,1,1,,,,,,7,8,,,,1,,,2,,1,2,,1,1,,,1,,2,2,4,,3,,,,2,,,,,5,,3,3,,,2,2,1,,0,0,1991,,2,,
24,1,1,,,3,4,,,,,,,,2,,,2,,1,2,,1,1,,,1,,1,2,4,,99,,,,3,1,,,,,,2,4,,,2,2,2,,0,5,1968,高中/職,4,技術工作及有關工作人員,
25,1,1,1,,,4,5,6,7,8,9,,,2,,,2,,1,1,,1,4,,,1,,1,1,2,,1,,,,3,1,2,3,4,5,,9,3,,,2,1,1,,1,0,1965,大學,8,事務工作人員,
26,2,1,,,,,,,,,,10,,92,,不健康,1,,1,3,,1,2,,,2,,1,1,4,,99,,,,3,,,3,,,,3,4,,,2,2,1,,1,0,1965,專科,4,技術員及助理專業人員,
28,1,1,1,2,,,,,7,8,9,,,3,,,2,,2,3,,2,5,,,3,,1,2,2,,3,,,,2,,,3,4,5,,5,2,,,1,1,1,,1,0,1985,大學,9,專業人員,
31,1,2,,,,,,,,,,,,92,,很怪,1,,3,3,,1,1,,,1,,2,2,90,雜亂又沒意義,3,,,,2,1,,3,4,5,,0,1,,,2,1,1,,0,0,1991,研究所以上,16,學生,
32,2,2,,,,,,,,,,,,3,,,2,,2,1,,1,4,,,1,,2,2,4,,3,,,,3,1,,,,5,,6,3,,,1,1,1,,0,0,1980,專科,15,技術員及助理專業人員,
33,2,2,,,,,,,,,,,,3,,,2,,3,2,,1,3,,,2,,1,2,2,,3,,,,1,,,,,5,,6,3,,,2,1,1,,0,0,1983,大學,4,事務工作人員,
34,1,1,,2,3,4,5,,,8,9,10,,3,,,2,,2,2,,2,5,,,2,,2,2,4,,3,,,,2,1,2,3,4,5,,9,3,,,1,2,1,,1,0,1980,大學,6,事務工作人員,
35,1,1,,,3,4,5,6,,8,,10,,1,,,2,,1,1,,1,1,,,1,,1,2,2,,1,,,,3,1,,3,4,,,10,3,,,2,1,1,,1,0,1954,高中/職,15,技術工作及有關工作人員,
36,2,2,,,,,,,,,,,,3,,,1,,1,1,,1,2,,,1,,2,2,5,,99,,,,2,1,,,,,,0,2,,,2,2,1,,0,4,1981,高中/職,8,家管,
37,1,1,1,2,3,4,,,7,8,9,,90,3,,,2,,3,1,,2,2,,,1,,1,2,4,,3,,,,3,,,3,,,,10,1,,,1,3,1,,1,0,1973,專科,15,專業人員,
38,2,2,,,,,,,,,,,,3,,,2,,2,2,,1,90,烤肉聚會到半夜2-3點仍不解散，吵到鄰居安寧,,2,,1,1,3,,2,,,,1,1,,,,5,,6,2,,,1,1,1,,0,0,1989,研究所以上,8,事務工作人員,
39,1,2,,,,,,,,,,,,92,,烤肉不健康,2,,1,1,,1,1,,,1,,2,2,5,,99,,,,3,,,,,5,,1,2,,,2,2,1,,0,0,1979,大學,15,服務工作人員及銷售員,
40,1,1,,2,,,,,7,8,,,,3,,,2,,2,2,,1,5,,,1,,2,2,4,,3,,,,2,1,,3,4,5,,7,3,,,2,1,1,,0,0,1981,高中/職,2,服務工作人員及銷售員,
41,1,2,,,,,,,,,,,,3,,,2,,2,1,,1,2,,,2,,2,1,4,,3,,,,1,1,,3,4,,,6,3,,,2,2,1,,0,0,1987,大學,2,技術員及助理專業人員,
42,1,1,1,,,,,,,,,10,,1,,,2,,2,2,,1,2,,,2,,2,1,4,,4,,,,2,1,2,3,4,5,,9,3,,,2,1,1,,0,0,1981,專科,8,事務工作人員,
43,1,2,,,,,,,,,,,,1,,,2,,1,2,,1,1,,,1,,1,2,2,,1,,,,1,1,,3,,,,6,3,,,2,1,1,,0,0,1968,高中/職,12,技術工作及有關工作人員,
44,1,1,1,2,,,,6,,8,9,,,3,,,2,,2,2,,2,5,,,2,,2,2,4,,3,,,,3,1,,3,,5,,8,2,,,2,1,1,,1,0,1987,高中/職,2,技術工作及有關工作人員,
45,1,2,,,,,,,,,,,,2,,,2,,2,2,,1,5,,,2,,1,2,1,,3,,,,2,1,,,,5,,6,3,,,1,2,1,,0,0,1980,大學,1,事務工作人員,
46,1,1,1,2,3,,,6,7,8,9,10,,3,,,2,,2,2,,2,2,,,2,,2,2,5,,3,,,,2,1,,3,,,,10,3,,,1,1,2,,0,0,1988,大學,13,事務工作人員,
47,1,1,1,2,3,,,,,,,,,3,,,2,,2,2,,1,2,,,1,,1,2,1,,3,,,,2,1,2,3,4,5,,10,3,,,1,2,1,,0,0,1994,大學,9,學生,
48,1,2,,,,,,,,,,,,3,,,2,,2,2,,1,1,,,1,,2,2,5,,3,,,,2,,,,,5,,4,2,,,1,1,1,,0,0,1973,專科,2,事務工作人員,
49,2,2,,,,,,,,,,,,1,,,2,,1,1,,1,2,,,2,,1,2,2,,2,,,,2,1,,,,,,5,3,,,1,2,1,,0,0,1983,研究所以上,2,事務工作人員,
50,1,1,1,2,,4,,,,8,,10,,1,,,2,,1,1,,1,1,,,1,,1,1,2,,3,,,,3,1,,3,4,,,8,4,,,1,1,2,,0,0,1972,高中/職,2,事務工作人員,
54,2,2,,,,,,,,,,,,3,,,2,,2,2,,2,2,,,1,,1,2,2,,3,,,,3,,,,,,99,4,2,,,1,1,1,,1,0,1968,大學,1,技術工作及有關工作人員,
55,1,1,1,2,,,,,,8,,,,3,,,2,,1,1,,1,2,,,1,,2,2,4,,3,,,,2,1,,3,,,,4,2,,,2,1,1,,1,0,1985,研究所以上,2,專業人員,
56,1,2,,,,,,,,,,,,3,,,2,,2,2,,1,2,,,2,,1,2,2,,3,,,,2,1,,3,,5,,7,3,,,1,1,1,,0,0,1973,大學,1,專業人員,
57,1,1,,,,,,,,,,10,,3,,,2,,1,2,,1,5,,,2,,2,2,1,,3,,,,1,,,,,5,,7,1,,,2,1,1,,1,0,1983,研究所以上,15,技術員及助理專業人員,
58,1,1,1,,,,,,,,,,,92,,團圓的日子有外人不自在,2,,2,2,,1,2,,,1,,2,2,4,,3,,,,3,1,,,4,5,,8,3,,,2,1,1,,0,4,1995,大學,2,學生,
59,1,2,,,,,,,,,,,,2,,,2,,2,2,,1,4,,,1,,2,2,5,,3,,,,3,1,2,3,4,,,5,3,,,2,2,1,,0,0,1980,專科,2,事務工作人員,
60,1,1,1,,,,,6,,,9,,,2,,,2,,1,2,,1,1,,,1,,2,1,5,,3,,,,1,1,,3,4,5,,4,3,,,2,1,2,,1,0,1999,大學,8,學生,
61,1,2,,,,,,,,,,,,1,,,2,,1,2,,1,1,,,1,,1,2,4,,3,,,,2,,,3,,,,8,3,,,2,3,2,,0,0,1995,大學,15,學生,
62,1,2,,,,,,,,,,,,3,,,2,,2,2,,1,1,,,2,,2,2,4,,3,,,,2,1,2,3,4,5,,3,2,,,1,1,1,,1,0,1984,大學,2,技術員及助理專業人員,
63,2,1,1,,3,4,5,6,,,9,10,,1,,,1,,2,2,,1,4,,,1,,1,2,3,,2,,,,2,,,,4,,,7,2,,,1,1,1,,1,0,1975,專科,8,技術工作及有關工作人員,
64,1,1,1,2,3,,,6,,8,,,,3,,,2,,2,2,,1,2,,,1,,1,1,2,,1,,,,2,,,,4,,,9,3,,,1,1,2,,1,0,1964,專科,9,技術工作及有關工作人員,
65,1,1,1,2,,4,,,,8,,,,3,,,2,,2,2,,1,5,,,2,,2,2,4,,3,,,,3,,,3,,5,,6,3,,,1,1,1,,0,0,1995,研究所以上,12,學生,
66,1,1,1,2,,4,,,7,8,,,,3,,,2,,2,2,,1,2,,,2,,1,2,2,,1,,,,2,1,,3,4,,,9,4,,,1,1,1,,0,0,1984,大學,12,技術員及助理專業人員,
67,1,2,,,,,,,,,,,,92,,沒有一起烤的樂趣,2,,1,2,,2,1,,,1,,1,2,90,很自私空間是大家的馬路不是用來烤肉的,3,,,,3,1,2,3,4,5,,10,3,,,1,2,1,,1,0,2000,高中/職,15,學生,
68,1,1,,,,4,,,7,,,10,,92,,幾乎不烤肉,1,幾乎不烤肉,1,1,,1,1,,,1,,2,2,5,,99,,,,1,1,,3,,5,,0,3,,,2,1,2,,0,0,1968,大學,15,服務工作人員及銷售員,
69,1,1,1,,,4,,,,8,9,,,3,,,2,,2,1,,1,3,,,2,,2,2,5,,4,,,,2,,,3,,,,6,2,,,2,2,1,,0,0,1985,大學,2,服務工作人員及銷售員,
70,1,1,1,2,,,,6,7,8,9,,,3,,,1,,2,2,,1,2,,這個格子到底是???,3,這個格子到底是???,1,2,2,,1,,,這個格子到底是???,3,,,,,5,,1,2,,這個格子到底是???,2,1,1,,1,0,1984,大學,9,技術工作及有關工作人員,
71,1,1,1,2,,,,,,8,,,,3,,,2,,1,3,,2,5,,,2,,2,1,5,,3,,,,3,1,2,3,4,5,,3,3,,,2,3,2,,0,0,1986,大學,4,技術員及助理專業人員,
72,1,2,,,,,,,,,,,,2,,,2,,1,2,,1,4,,,1,,1,2,3,,2,,,,2,1,2,3,4,5,,5,3,,,1,1,1,,1,0,1970,,,,
73,1,1,,,,,,,,,,,90,3,,,2,,2,2,,1,2,,,2,,1,2,3,,2,,,,3,1,2,3,4,5,,8,3,,,1,2,1,,0,0,1992,大學,14,事務工作人員,
74,1,1,1,,,,,,,8,,,,3,,,2,,1,2,,2,1,,,2,,2,1,5,,3,,,,2,,,,,5,,6,3,,,2,2,2,,0,0,1992,高中/職,8,服務工作人員及銷售員,
75,2,2,,,,,,,,,,,,3,,,2,,1,1,,1,2,,,1,,2,2,4,,99,,,,2,1,,,,,,5,2,,,2,1,1,,0,0,1984,研究所以上,15,其他,
76,1,2,,,,,,,,,,,,3,,,1,,1,1,,1,1,,,1,,2,1,5,,3,,,,1,1,2,,4,,,0,1,,,2,1,2,,0,3,1999,高中/職,4,學生,
77,1,2,,,,,,,,,,,,3,,,2,,1,2,,1,1,,,1,,2,1,4,,3,,,,2,1,2,3,4,5,,5,2,,,2,2,1,,0,0,1992,大學,14,學生,
78,1,1,1,2,3,,,,,8,,,,3,,,2,,1,2,,1,1,,,2,,1,2,3,,1,,,,3,1,,,4,,,7,3,,,2,2,1,,0,0,1988,大學,15,事務工作人員,
80,2,2,,,,,,,,,,,,3,,,2,,2,1,,1,2,,,1,,2,2,5,,3,,,,1,1,,,,,,4,2,,,2,2,1,,1,0,1996,大學,4,學生,
81,1,2,,,,,,,,,,,,3,,,2,,2,2,,1,2,,,1,,1,2,2,,1,,,,1,1,,3,4,5,,5,3,,,1,1,1,,1,0,1993,大學,8,非技術工及體力工,
82,1,2,,,,,,,,,,,,3,,,2,,2,1,,1,5,,,1,,2,2,4,,4,,,,3,1,2,3,4,5,,6,3,,,1,1,1,,0,0,1996,大學,2,學生,
83,1,1,,,,,,,,8,,,,3,,,2,,2,2,,2,1,,,3,,1,2,2,,1,,,,2,,,,,5,,9,3,,,1,1,1,,0,0,1982,大學,8,事務工作人員,
84,1,2,,,,,,,,,,,,3,,,2,,2,2,,1,4,,,2,,2,1,5,,3,,,,2,1,,3,,5,,3,2,,,2,1,1,,0,0,1995,大學,4,學生,
85,1,1,1,,,4,,,7,8,,,,3,,,2,,2,2,,2,1,,,2,,2,2,5,,3,,,,1,1,2,3,4,5,,10,4,,,2,4,1,,0,0,1995,大學,11,學生,
86,1,1,1,2,3,,5,,7,,,,,3,,,2,,1,1,,2,90,坐姿不良不舒服,,2,,2,2,4,,3,,,,2,1,2,3,4,,,5,3,,,2,1,1,,0,0,1992,研究所以上,11,專業人員,
87,1,1,1,2,,,,6,,,,10,90,3,,,2,,1,2,,2,2,,,2,,2,2,4,,3,,,,3,1,2,3,4,5,,10,3,,,1,2,1,,0,0,1998,大學,8,學生,
88,1,2,,,,,,,,,,,,1,,,2,,2,1,,1,2,,,1,,2,2,3,,99,,,,2,1,,,4,,,5,3,,,2,2,1,,1,0,1995,大學,14,學生,
89,1,2,,,,,,,,,,,,2,,,2,,1,1,,1,1,,,1,,2,2,5,,4,,,,2,1,,3,,5,,0,2,,,2,1,1,,0,1,1994,大學,1,專業人員,
90,1,2,,,,,,,,,,,,3,,,2,,1,2,,1,2,,,1,,2,1,5,,4,,,,1,,,,4,,,6,2,,,2,1,1,,0,0,1994,,5,,
91,1,1,1,,,,5,,,,9,,,1,,,2,,2,1,,1,5,,,2,,1,1,2,,1,,,,3,,,3,4,,,6,3,,,1,1,2,,0,0,1998,大學,9,學生,
92,1,2,,,,,,,,,,,,3,,,1,,1,1,,1,5,,,3,,1,2,4,,4,,,,2,1,,,,,,5,3,,,1,3,2,,1,0,1973,專科,2,待業或無業,
94,1,1,,,3,4,,,7,,,,,3,,,2,,2,1,,2,5,,,3,,1,1,2,,3,,,,4,,,3,,,,9,3,,,1,2,1,,0,1,1979,專科,15,家管,
95,1,1,1,2,3,4,5,6,7,8,9,10,,2,,,2,,2,2,,1,1,,,1,,1,2,3,,2,,,,3,1,2,3,4,,,9,3,,,1,1,2,,0,6,1984,研究所以上,12,技術工作及有關工作人員,
96,1,1,1,2,3,4,,,7,,,10,,3,,,2,,2,1,,1,1,,,1,,2,2,5,,3,,,,3,1,,3,,,,7,2,,,1,1,1,,0,0,1974,高中/職,4,家管,
97,2,1,1,2,,,,,,8,,,,3,,,2,,2,2,,2,4,,,2,,1,2,3,,2,,,,3,,,,4,5,,5,3,,,1,2,2,,0,0,1994,大學,20,學生,
98,1,2,,,,,,,,,,,,1,,,2,,1,2,,1,1,,,1,,2,2,90,不喜歡一大群人一起烤肉,3,,,,2,,,,4,5,,5,3,,,2,1,1,,0,0,1996,大學,2,學生,
99,2,2,,,,,,,,,,,,3,,,1,,3,3,,2,1,,,3,,2,2,5,,99,,,,4,,,,,,99,0,4,,,2,4,1,,1,0,1987,大學,6,待業或無業,
100,1,2,,,,,,,,,,,,1,,,2,,2,1,,1,1,,,1,,1,2,2,,3,,,,2,1,,,,,,6,3,,,1,2,1,,0,0,1979,大學,2,待業或無業,
101,1,2,,,,,,,,,,,,1,,,2,,3,2,,1,4,,,2,,1,2,1,,1,,,,3,1,2,3,4,,,5,2,,,1,1,2,,1,0,1961,大學,2,事務工作人員,
102,1,2,,,,,,,,,,,,92,,連烤肉都要別人來，要自家人自己烤才有趣味,2,,1,2,,1,1,,,1,,2,1,90,不好，大家一起吸大量污染空氣,3,,,,3,,,3,,,,7,4,,,1,2,2,,1,0,1990,大學,20,其他,
103,1,2,,,,,,,,,,,,1,,,2,,2,1,,1,2,,,1,,1,2,1,,1,,,,3,1,,3,4,,,10,3,,,1,1,1,,0,0,1998,大學,8,學生,
104,1,2,,,,,,,,,,,,3,,,2,,2,2,,1,4,,,1,,2,2,5,,3,,,,2,1,,,,5,,6,4,,,2,2,1,,1,0,1988,研究所以上,8,事務工作人員,
105,1,1,1,2,3,4,,6,,8,9,,90,3,,,1,,1,2,,2,1,,,1,,2,2,5,,3,,,,2,1,,3,4,,,6,4,,,1,2,1,,0,0,2001,高中/職,12,其他,
106,1,2,,,,,,,,,,,,3,,,1,,1,2,,1,1,,,1,,2,2,5,,3,,,,3,1,2,3,4,5,,3,3,,,2,2,2,,1,0,1974,專科,2,技術員及助理專業人員,
107,1,1,1,,,,,,,8,,,,3,,,2,,2,2,,2,2,,,1,,1,2,3,,2,,,都喜歡,1,,,3,,,,8,3,,,2,1,1,,0,7,1989,大學,15,專業人員,
108,2,2,,,,,,,,,,,,3,,,2,,2,2,,1,1,,,1,,2,2,5,,4,,,,2,1,,,,,,6,3,,,2,2,1,,1,0,1977,大學,15,技術員及助理專業人員,
109,1,2,,,,,,,,,,,,2,,,2,,1,2,,1,1,,,1,,2,2,5,,1,,,,1,1,,,4,,,3,2,,,2,2,1,,1,0,1981,研究所以上,1,服務工作人員及銷售員,
110,1,2,,,,,,,,,,,,2,,,2,,1,1,,1,1,,,1,,2,2,5,,99,,,,3,1,,3,4,,,6,4,,,2,2,2,,1,0,1980,研究所以上,2,專業人員,
111,1,1,1,2,3,,,,7,8,9,,,3,,,2,,1,2,,2,2,,,1,,2,2,4,,3,,,,2,1,2,3,4,5,,7,4,,,1,1,1,,1,4,1989,大學,1,待業或無業,
112,1,1,1,,,,,6,,,,,,3,,,2,,1,1,,1,1,,,1,,1,1,1,,1,,,,2,1,,3,4,5,,8,3,,,1,1,2,,0,0,1981,大學,15,服務工作人員及銷售員,
113,1,1,,,,4,,,7,,,,90,3,,,2,,2,1,,1,2,,,2,,2,2,4,,3,,,,2,1,,3,4,5,,10,3,,,2,1,1,,0,3,1995,專科,9,學生,
114,1,1,1,,,,,,,8,9,,,3,,,2,,1,1,,1,1,,,1,,2,2,5,,4,,,,3,1,2,,,5,,3,2,,,2,1,1,,1,0,1987,研究所以上,8,專業人員,
115,1,2,,,,,,,,,,,,3,,,2,,2,2,,1,2,,,1,,2,2,2,,3,,,,2,,,,,5,,5,3,,,2,2,1,,0,0,1988,大學,5,事務工作人員,
116,2,2,,,,,,,,,,,,3,,,1,,3,2,,1,2,,,1,,2,2,2,,3,,,,2,,,,,5,,5,3,,,2,2,1,,1,0,1988,大學,5,機械設備操作工及組裝工,
117,1,2,,,,,,,,,,,,92,,價格昂貴,1,,1,2,,1,1,,,1,,2,2,5,,1,,,,3,1,2,3,4,5,,5,4,,,2,2,1,,0,0,1987,研究所以上,4,技術工作及有關工作人員,
118,1,1,1,,,,,,7,8,,10,,3,,,1,,3,2,,2,4,,,2,,1,2,1,,1,,,,1,,,,4,,,6,2,,,2,1,1,,1,0,1994,大學,2,學生,
119,1,2,,,,,,,,,,,,3,,,2,,2,2,,1,1,,,2,,2,2,5,,3,,,,3,1,,,4,5,,5,3,,,2,2,2,,1,0,1981,大學,1,事務工作人員,
120,1,2,,,,,,,,,,,,2,,,2,,1,1,,1,3,,,2,,2,2,4,,3,,,,2,,,,,5,,5,2,,,2,1,1,,1,0,1992,大學,2,其他,
121,2,2,,,,,,,,,,,,92,,麻煩	,2,,3,1,,1,4,,,2,,2,1,4,,99,,,,2,,,,,,99,0,2,,,2,2,2,,0,0,1988,國/初中,9,其他,
122,1,2,,,,,,,,,,,,3,,,2,,2,2,,1,2,,,2,,1,2,3,,2,,,,2,1,,3,,,,6,3,,,1,1,1,,1,0,1967,專科,2,其他,
123,1,1,,2,,,5,,,,,,,92,,假假的,2,,2,3,,2,3,,,1,,2,2,4,,3,,,,2,1,2,3,,,,7,4,,,1,2,2,,0,0,1940,高中/職,1,退休,
126,1,1,1,2,3,4,5,,7,8,,10,,1,,,2,,2,2,,2,2,,,2,,2,1,4,,3,,,,2,,2,3,4,,,7,1,,,2,1,1,,1,0,1981,研究所以上,2,專業人員,
127,1,2,,,,,,,,,,,,3,,,2,,2,2,,1,2,,,1,,2,2,4,,3,,,,2,1,,3,4,,,5,3,,,2,1,1,,0,3,1979,高中/職,2,家管,
128,2,2,,,,,,,,,,,,92,,不喜歡烤肉的煙,1,問題不在別人做不做，而是烤肉的煙十分令人困擾。,1,3,因為我家不烤,2,1,,,1,,2,2,5,,99,,,,1,,,,,5,,0,4,,,2,1,1,,0,0,1966,大學,8,其他,
129,1,1,1,2,,4,,,,8,,,,1,,,2,,2,2,,1,2,,,2,,1,2,2,,3,,,,2,,,3,,,,8,3,,,2,1,1,,1,0,1987,大學,14,事務工作人員,
130,1,2,,,,,,,,,,,,2,,,2,,2,1,,1,1,,,1,,1,2,3,,3,,,,2,1,,,,,,6,3,,,1,2,1,,0,0,1985,專科,2,其他,
133,1,2,,,,,,,,,,,,2,,,2,,2,1,,1,2,,,1,,2,2,4,,4,,,,2,1,2,3,4,,,6,2,,,2,1,1,,0,5,1996,大學,15,學生,
134,1,1,,2,3,4,5,6,,8,9,,,3,,,2,,2,2,,2,2,,,1,,1,2,4,,3,,,,3,,,3,,,,7,3,,,1,2,1,,1,0,1987,大學,20,技術工作及有關工作人員,
135,1,2,,,,,,,,,,,,3,,,2,,2,2,,1,1,,,1,,2,2,5,,3,,,,1,1,,3,,,,3,4,,,2,2,1,,0,0,1939,國小以下,14,家管,
136,2,2,,,,,,,,,,,,3,,,1,,1,1,,1,1,,,1,,2,1,5,,99,,,,3,,,,,,99,1,4,,,1,4,1,,1,0,1984,大學,2,待業或無業,
137,2,2,,,,,,,,,,,,1,,,1,,3,1,,2,3,,,2,,2,1,4,,3,,,,4,,,,4,,,1,3,,,1,3,1,,1,0,1983,大學,2,待業或無業,
138,1,1,1,,3,,,,,8,,,,3,,,2,,1,2,,1,2,,,2,,2,1,4,,3,,,,1,1,2,3,4,5,,6,3,,,2,1,2,,0,0,1992,大學,15,學生,
139,1,1,1,2,,4,5,6,7,,,10,,3,,,2,,2,2,,1,5,,,2,,1,2,1,,1,,,,2,1,2,3,4,5,,8,3,,,2,2,1,,0,0,1988,大學,2,專業人員,
140,1,2,,,,,,,,,,,,3,,,2,,2,2,,1,4,,,1,,2,2,90,易產生紛爭,3,,,,2,1,2,3,4,5,,5,3,,,2,1,1,,1,0,1982,大學,2,事務工作人員,
141,1,2,,,,,,,,,,,,92,,外人不習慣,1,,2,3,,1,2,,,2,,2,2,4,,99,,,,2,1,2,3,,,,2,1,,,2,2,2,,1,0,1969,研究所以上,2,專業人員,
142,1,1,,,,,,,,,9,,,3,,,1,,2,2,,2,1,,,1,,2,2,5,,3,,,,2,1,,,,,,6,3,,,1,1,1,,1,0,1980,大學,9,技術員及助理專業人員,
143,1,2,,,,,,,,,,,,1,,,2,,2,2,,1,2,,,2,,1,2,2,,1,,,,2,1,,,,5,,4,2,,,2,1,1,,0,3,1991,研究所以上,15,學生,
144,1,2,,,,,,,,,,,,92,,烤肉不健康,1,,1,1,,1,90,以下皆是,,1,,2,2,90,不喜歡，對自身健康與環境都很糟糕,99,,,,1,,,,,5,,0,1,,,2,1,1,,0,0,1992,研究所以上,7,學生,
145,1,1,1,,,,,,7,8,,,,3,,,2,,2,2,,2,5,,,1,,2,2,5,,4,,,,2,,,,4,,,8,2,,,2,1,1,,0,0,1995,大學,9,學生,
146,1,1,1,2,3,,,,,,9,,,3,,,2,,2,2,,2,5,,,2,,1,2,2,,3,,,,3,,,3,,,,7,3,,,1,2,2,,1,0,1976,研究所以上,15,事務工作人員,
147,1,2,,,,,,,,,,,,2,,,1,,2,1,,1,1,,,1,,2,2,5,,99,,,,3,1,2,3,,,,5,2,,,2,2,2,,0,0,1973,大學,1,家管,
148,1,1,1,,,,,,,,,,,3,,,1,,3,3,,1,3,,,3,,1,2,3,,3,,,,3,,,3,,,,9,3,,,1,1,2,,0,3,1998,專科,19,學生,
149,1,1,1,2,3,,,,,,9,,,3,,,2,,2,2,,2,5,,,2,,2,2,5,,3,,,,1,,,,4,5,,10,3,,,1,1,1,,0,0,1982,大學,16,家管,
150,2,2,,,,,,,,,,,,1,,,2,,2,2,,1,4,,,1,,2,2,4,,3,,,,3,1,,,4,,,5,2,,,2,2,1,,0,0,1993,研究所以上,2,學生,
151,1,2,,,,,,,,,,,,3,,,2,,2,2,,2,5,,,3,,1,2,2,,3,,,,3,1,2,3,,,,10,4,,,1,2,1,,1,0,1991,研究所以上,2,待業或無業,
152,1,2,,,,,,,,,,,,92,,不想烤肉,1,,1,2,,1,2,,,1,,2,2,4,,99,,,,2,1,2,3,4,5,,1,3,,,2,1,2,,1,0,1985,研究所以上,15,學生,
153,1,2,,,,,,,,,,,,3,,,2,,2,2,,2,5,,,2,,1,2,3,,2,,,,2,,,3,4,,,5,2,,,2,2,1,,0,0,1985,研究所以上,7,專業人員,
154,1,1,1,,,,,,,,9,10,,3,,,2,,2,2,,2,2,,,2,,1,2,2,,3,,,,2,,,,,5,,8,3,,,1,2,1,,1,0,1976,高中/職,4,非技術工及體力工,
155,2,2,,,,,,,,,,,,3,,,2,,2,2,,2,1,,,2,,2,2,5,,4,,,,1,,,,,5,,3,2,,,2,3,2,,0,0,1994,大學,7,學生,
156,1,1,,,3,,,,,,,,,2,,,2,,1,2,,1,5,,,2,,2,1,2,,2,,,,2,,,3,,,,6,2,,,1,1,1,,1,0,1983,大學,11,非技術工及體力工,
157,1,1,1,,,4,,,7,8,,,,3,,,2,,2,1,,2,2,,,1,,1,1,2,,1,,,,2,,,3,,,,9,2,,,1,1,2,,0,0,1984,大學,14,待業或無業,
158,2,2,,,,,,,,,,,,92,,污染,2,,1,1,,1,1,,,1,,2,1,4,,99,,,,3,,,,4,,,5,3,,,2,1,1,,1,0,1992,研究所以上,15,專業人員,
159,1,1,,,,,5,,7,,,10,,3,,,2,,1,1,,2,1,,,2,,1,2,1,,1,,,,1,1,2,3,,,,10,1,,,1,1,1,,1,0,1989,大學,15,事務工作人員,
160,1,1,,,,,,,,8,,,,3,,,2,,2,3,,2,5,,,3,,1,1,2,,1,,,,1,,,,4,,,9,3,,,1,2,2,,0,0,1956,國小以下,8,家管,
161,1,2,,,,,,,,,,,,3,,,2,,1,2,,2,1,,,1,,2,2,5,,3,,,,2,1,,3,,5,,4,3,,,2,1,1,,0,0,1960,高中/職,11,家管,
162,1,1,,,,,,,7,,,,,3,,,2,,1,1,,1,4,,,1,,1,2,3,,3,,,,2,1,,3,,,,5,3,,,1,2,1,,1,0,1991,研究所以上,6,專業人員,
163,1,2,,,,,,,,,,,,2,,,2,,1,1,,1,4,,,1,,1,2,2,,3,,,,2,1,,3,4,5,,4,2,,,2,2,1,,1,0,1992,研究所以上,1,待業或無業,
164,1,1,1,,3,4,,,7,,9,,,3,,,2,,2,2,,1,2,,,2,,1,2,2,,2,,,,2,1,2,3,4,,,6,3,,,1,1,1,,1,0,1972,大學,15,事務工作人員,
165,2,2,,,,,,,,,,,,92,,自己感受氣氛,1,,2,2,,1,1,,,1,,2,2,5,,3,,,,2,,,,,5,,6,3,,,1,1,2,,1,2,1968,高中/職,2,技術工作及有關工作人員,
166,1,2,,,,,,,,,,,,3,,,2,,2,2,,2,2,,,2,,1,1,2,,2,,,,2,1,2,3,4,5,,6,3,,,1,2,2,,1,0,1993,研究所以上,14,學生,
167,1,1,1,2,3,4,5,6,7,,9,,,2,,,2,,3,2,,1,1,,,1,,2,2,4,,3,,,,2,1,2,3,4,5,,6,3,,,1,1,2,,1,4,1996,大學,14,學生,
168,1,1,1,2,,,,6,,8,9,,,3,,,2,,3,2,,2,5,,,3,,2,2,4,,3,,,,2,,,3,,,,10,4,,,1,1,2,,0,0,1976,高中/職,2,家管,
169,1,2,,,,,,,,,,,,1,,,2,,1,1,,1,1,,,1,,2,2,4,,3,,,,2,,,,,5,,5,2,,,2,1,1,,1,0,1970,專科,4,服務工作人員及銷售員,
170,1,2,,,,,,,,,,,,3,,,2,,1,2,,1,1,,,1,,2,2,4,,3,,,,3,1,2,3,4,5,,5,3,,,2,1,1,,1,0,1982,研究所以上,15,專業人員,
171,1,1,1,2,3,4,5,6,7,8,9,10,,1,,,2,,1,1,,1,2,,,1,,1,1,3,,1,,,,2,1,,3,,,,6,3,,,2,1,1,,1,0,1989,研究所以上,1,事務工作人員,
172,1,1,1,2,,4,5,,,8,,,,3,,,2,,1,2,,2,1,,,1,,1,2,5,,3,,,,2,1,2,3,4,5,,8,3,,,1,2,2,,1,0,1961,高中/職,20,退休,
173,1,1,1,2,,4,5,,7,8,9,10,,1,,,2,,2,2,,1,2,,,2,,2,2,4,,4,,,,2,1,2,3,,,,8,3,,,1,2,1,,0,0,1994,大學,10,事務工作人員,
175,1,2,,,,,,,,,,,,1,,,2,,1,2,,2,1,,,1,,1,2,4,,3,,,,2,,,,4,,,7,2,,,2,1,1,,0,0,1997,大學,4,學生,
176,1,1,1,2,,,,,,,,,,3,,,2,,2,1,,1,1,,,2,,1,2,3,,2,,,,1,1,,,4,,,5,3,,,2,1,1,,0,0,1996,大學,2,學生,
177,1,2,,,,,,,,,,,,3,,,2,,3,1,,1,2,,,1,,1,2,4,,4,,,,2,1,,,,,,4,2,,,2,2,2,,1,0,1984,大學,15,技術員及助理專業人員,
178,1,2,,,,,,,,,,,,3,,,2,,2,2,,1,5,,,1,,1,2,2,,3,,,,2,1,2,3,4,5,,5,1,,,2,1,1,,0,0,1982,專科,2,待業或無業,
179,1,2,,,,,,,,,,,,2,,,1,,1,2,,1,5,,,1,,1,2,2,,2,,,,3,,2,3,,,,4,3,,,2,2,1,,1,0,1990,大學,1,專業人員,
180,1,2,,,,,,,,,,,,2,,,2,,1,1,,1,1,,,1,,2,2,5,,3,,,,2,1,2,3,4,5,,2,3,,,2,2,2,,1,0,1965,大學,11,技術員及助理專業人員,
181,1,1,1,,,,,6,,8,9,,,3,,,1,,1,2,,1,1,,,1,,1,2,2,,3,,,,2,1,2,3,4,5,,6,2,,,1,2,1,,1,0,1983,大學,9,專業人員,
182,1,2,,,,,,,,,,,,3,,,2,,2,2,,1,5,,,2,,1,2,2,,3,,,,3,,,,,5,,7,3,,,1,1,1,,0,0,1986,大學,2,事務工作人員,
183,2,2,,,,,,,,,,,,3,,,2,,1,3,,1,1,,,1,,2,2,5,,3,,,,2,1,,,,,,1,3,,,2,2,1,,1,0,1973,大學,14,技術工作及有關工作人員,
184,1,1,,,3,,,,,,9,,,3,,,2,,3,3,,2,3,,,3,,2,2,4,,3,,,,1,,,,,5,,5,1,,,1,3,2,,0,0,1985,高中/職,15,服務工作人員及銷售員,
186,1,1,,,,,5,,7,8,,10,,3,,,2,,2,2,,2,1,,,1,,2,2,5,,3,,,,3,1,2,3,4,5,,9,2,,,1,1,1,,0,0,1989,大學,6,專業人員,
187,1,2,,,,,,,,,,,,1,,,2,,1,2,,1,5,,,2,,1,1,1,,2,,,,2,1,,3,4,,,6,3,,,1,2,1,,1,0,1970,大學,2,退休,
188,1,2,,,,,,,,,,,,92,,"人少,不需要",2,,2,1,,1,2,,,2,,2,2,2,,1,,,,3,,,,,,99,5,3,,,2,2,1,,0,0,1973,專科,15,服務工作人員及銷售員,
189,1,1,,,,4,,,7,,,10,,2,,,2,,2,3,,1,5,,,1,,1,2,1,,3,,,,1,1,,,4,5,,7,3,,,2,1,1,,0,0,1982,大學,2,事務工作人員,
190,1,2,,,,,,,,,,,,3,,,2,,1,2,,2,2,,,1,,2,1,3,,3,,,,3,1,,,4,,,4,3,,,1,2,2,,0,0,1991,大學,15,事務工作人員,
191,2,2,,,,,,,,,,,,3,,,2,,2,2,,1,5,,,2,,2,2,4,,3,,,,3,1,2,,4,5,,6,2,,,1,2,1,,1,0,1981,大學,19,事務工作人員,
192,1,1,,,,,,,,8,,,90,3,,,2,看跟誰一起烤,2,2,,2,2,,,1,,2,2,5,,3,,,,2,,,3,,,,7,90,"平常住家裡, 所以LINE只是用來普通聯絡或分享事情",,1,1,1,,0,0,1993,大學,9,技術員及助理專業人員,
193,1,2,,,,,,,,,,,,3,,,2,,1,2,,1,1,,,1,,2,1,5,,3,,,,2,1,,3,,5,,4,3,,,1,1,1,,0,0,1989,大學,14,事務工作人員,
194,2,2,,,,,,,,,,,,1,,,2,,2,2,,1,4,,,2,,1,2,2,,2,,,,2,,,,,,99,3,3,,,1,1,1,,0,0,1979,大學,15,事務工作人員,
195,1,1,1,,,,,,,8,,,,3,,,2,,1,1,,1,3,,,1,,2,2,5,,3,,,,3,1,,3,,5,,8,2,,,1,2,1,,0,0,1989,大學,2,服務工作人員及銷售員,
197,1,1,1,2,3,,,6,7,8,9,,,1,,,2,,1,2,,1,1,,,1,,1,1,3,,1,,,,2,1,2,3,4,,,10,1,,,1,1,2,,1,0,1980,大學,14,事務工作人員,
198,1,1,1,2,,4,,,,,,,,3,,,2,,1,2,,2,90,吃完就拍拍屁股走人,,2,,1,2,90,還好,3,,,,2,1,2,3,4,5,,8,3,,,2,2,1,,0,4,1988,大學,7,非技術工及體力工,
199,1,2,,,,,,,,,,,,1,,,2,,2,3,,2,1,,,2,,2,2,4,,3,,,,2,,,,,5,,7,3,,,1,1,1,,1,0,1992,大學,15,專業人員,
200,1,1,,,,,,,7,8,9,,,3,,,2,,1,1,,1,1,,,1,,1,2,1,,3,,,,2,,,,,5,,5,3,,,2,2,1,,0,0,1986,大學,10,技術員及助理專業人員,
201,1,1,,2,,4,5,,7,8,9,,,3,,,2,,2,2,,1,1,,,1,,2,2,2,,3,,,,1,1,,3,,,,6,2,,,1,1,1,,1,0,1966,專科,11,技術員及助理專業人員,
202,1,2,,,,,,,,,,,,3,,,2,,2,2,,1,4,,,1,,1,2,2,,1,,,,3,1,,,4,5,,9,3,,,2,2,1,,1,0,1970,,,,
203,2,2,,,,,,,,,,,,1,,,1,,1,1,,1,3,,,1,,2,1,2,,4,,,,2,,,,,5,,5,1,,,1,2,1,,0,5,1985,高中/職,4,服務工作人員及銷售員,
204,1,1,1,,,4,,,7,,9,,,3,,,2,,2,1,,1,4,,,2,,2,2,4,,3,,,,3,1,,,4,,,5,3,,,2,2,2,,0,0,1972,大學,18,事務工作人員,
205,1,2,,,,,,,,,,,,3,,,2,,2,2,,2,2,,,2,,2,2,4,,3,,,,1,1,,,,,,1,2,,,2,2,1,,1,0,1985,研究所以上,2,事務工作人員,
206,1,2,,,,,,,,,,,,3,,,1,,1,1,,1,1,,,1,,2,2,5,,99,,,,1,,,,4,,,3,3,,,2,1,1,,0,3,1998,大學,5,學生,
207,1,1,1,,,,,,,,,,,3,,,2,,2,3,,1,2,,,1,,1,2,1,,3,,,,2,1,2,3,4,5,,7,2,,,1,1,1,,0,0,1987,研究所以上,15,事務工作人員,
208,1,2,,,,,,,,,,,,3,,,2,,2,1,,2,2,,,1,,2,2,4,,4,,,,2,,,,4,,,5,2,,,2,2,1,,0,0,1994,高中/職,8,待業或無業,
209,2,2,,,,,,,,,,,,3,,,1,,3,3,,2,2,,,2,,2,1,4,,4,,,,3,,,,4,,,4,3,,,2,3,2,,1,1,1993,研究所以上,8,學生,
210,1,2,,,,,,,,,,,,3,,,2,,2,3,,2,1,,,2,,1,2,1,,3,,,,2,1,,3,,5,,4,3,,,2,2,2,,1,0,1958,專科,8,農/林/漁/牧工作人員,
211,1,1,1,2,3,,5,,,8,9,10,,92,,多一個不熟的人,2,,2,2,,2,2,,,2,,2,2,5,,3,,,,3,1,2,3,4,,,5,2,,,1,2,2,,1,0,1966,研究所以上,2,事務工作人員,
212,1,1,,2,,4,,,7,,9,10,,3,,,2,,1,2,,1,1,,,1,,1,1,3,,1,,,,2,1,2,3,,,,9,3,,,1,1,1,,1,0,1962,專科,1,民意代表/行政主管/企業主管及經理人員,
213,1,2,,,,,,,,,,,,3,,,2,,2,1,,1,2,,,1,,1,2,90,至少不會在禁止區烤肉,3,,,,2,,2,,4,,,7,3,,,1,1,2,,0,0,1983,大學,2,服務工作人員及銷售員,
214,1,2,,,,,,,,,,,,3,,,2,,2,1,,1,1,,,1,,1,1,3,,3,,,,2,1,2,3,,,,9,3,,,1,1,1,,1,0,2000,高中/職,1,學生,
215,2,2,,,,,,,,,,,,3,,,2,,1,2,,1,5,,,2,,1,2,2,,3,,,,2,1,,,,5,,6,3,,,1,2,2,,0,0,1991,大學,16,學生,
216,1,2,,,,,,,,,,,,92,,沒有一定要烤肉,1,,3,3,,1,2,,,1,,2,2,5,,99,,,,2,1,,3,4,,,4,4,,,2,1,1,,0,0,1988,大學,1,事務工作人員,
217,1,1,,,,,,,7,,,10,,1,,,2,,2,2,,1,2,,,1,,1,2,2,,3,,,,3,1,,3,4,,,8,3,,,1,2,2,,0,0,1975,專科,16,家管,
218,2,2,,,,,,,,,,,,3,,,1,,1,1,,1,1,,,1,,2,2,5,,3,,,,2,1,,,,,,3,2,,,2,1,1,,0,0,1986,大學,18,待業或無業,
219,1,1,1,2,3,,5,,,,9,,,3,,,2,,2,2,,1,5,,,2,,2,2,4,,4,,,,2,1,,,,,,5,3,,,1,2,2,,1,0,1978,大學,15,技術員及助理專業人員,
222,1,2,,,,,,,,,,,,2,,,2,,1,1,,1,1,,,1,,2,2,5,,3,,,,2,1,2,3,4,5,,5,2,,,2,4,1,,1,0,1975,專科,5,技術員及助理專業人員,
224,1,2,,,,,,,,,,,,3,,,2,,2,1,,1,4,,,1,,2,2,4,,4,,,,2,1,2,3,,5,,7,3,,,2,2,1,,0,0,1984,大學,16,家管,
225,1,1,,,,,,,,,9,10,,3,,,2,,1,1,,1,2,,,1,,2,2,5,,4,,,,2,,,3,,,,6,3,,,1,1,1,,1,0,1983,大學,8,事務工作人員,
226,1,2,,,,,,,,,,,,3,,,2,,3,3,,2,3,,,2,,1,1,3,,2,,,,2,1,,3,,,,6,2,,,2,1,2,,1,0,1970,大學,10,專業人員,
227,2,2,,,,,,,,,,,,3,,,2,,2,2,,1,2,,,1,,2,2,4,,99,,,,3,1,,,,5,,3,2,,,2,2,2,,1,0,1984,大學,16,技術工作及有關工作人員,
228,1,2,,,,,,,,,,,,92,,沒意思，如果要這樣不會去燒烤店嗎@@,2,,1,1,,1,90,滿身都是煙的味道,,1,,2,2,90,還好，看參與的人吧,3,,,,3,,,3,4,,,6,4,,,2,1,2,,0,0,1993,大學,15,學生,
229,1,2,,,,,,,,,,,,3,,,2,,2,2,,1,2,,,1,,2,2,4,,3,,,,2,1,2,3,4,5,,7,4,,臉書好友不見得每個都可以聊得來 也不如面對面的交流,2,1,1,,0,0,1989,大學,14,專業人員,
230,1,1,,,,4,,,7,8,,,,3,,,2,,2,2,,1,4,,,2,,2,2,4,,3,,,,2,1,2,3,,5,,5,3,,,2,2,1,,0,0,1993,大學,13,學生,
231,2,2,,,,,,,,,,,,1,,,2,,2,2,,1,90,沒有人幫忙,,1,,2,1,4,,3,,,,2,1,,,,5,,5,3,,,1,1,1,,0,0,1982,專科,16,家管,
232,2,1,1,2,,,,,7,8,,,,3,,,2,,2,3,,2,5,,,2,,2,2,4,,3,,,,2,,,,,,99,3,1,,,2,1,1,,1,0,1991,大學,14,學生,
233,1,2,,,,,,,,,,,,2,,,2,,2,2,,1,2,,,1,,2,2,4,,99,,,,3,,,,,5,,5,3,,,2,2,2,,1,0,1978,大學,15,機械設備操作工及組裝工,
234,1,1,1,2,,4,5,6,7,8,,10,,3,,,2,,2,2,,1,1,,,1,,1,1,2,,1,,,,3,1,2,3,,,,6,3,,,1,2,2,,1,0,1974,大學,2,技術員及助理專業人員,
235,1,1,,,,4,,,,8,,,,3,,,2,,1,1,,1,1,,,1,,2,2,4,,3,,,,2,1,,3,,,,3,4,,,2,2,1,,0,0,1990,大學,14,待業或無業,
237,1,1,,2,,,,,,,,,,2,,,2,,1,2,,1,5,,,2,,1,2,2,,3,,,,2,,2,,,,,4,2,,,1,2,2,,0,0,1965,專科,11,技術員及助理專業人員,
238,1,1,,,3,,,6,,,,,,3,,,2,,3,1,,2,1,,,1,,2,2,4,,3,,,,2,1,2,3,,,,5,2,,,1,2,1,,0,0,1977,高中/職,14,服務工作人員及銷售員,
239,1,2,,,,,,,,,,,,3,,,2,,2,2,,1,4,,,1,,1,2,2,,1,,,,3,,,,,5,,5,4,,,2,2,2,,0,0,1976,專科,15,非技術工及體力工,
240,1,2,,,,,,,,,,,,3,,,2,,2,2,,1,3,,,1,,2,2,4,,4,,,,2,1,2,3,4,5,,2,4,,,2,2,2,,1,0,1965,專科,16,服務工作人員及銷售員,
241,1,1,,,,4,,,7,,,,,2,,,2,,2,1,,2,1,,,1,,2,2,4,,3,,,,3,,,,4,,,5,2,,,1,1,2,,1,0,1991,研究所以上,8,技術工作及有關工作人員,
242,1,2,,,,,,,,,,,,3,,,2,,2,1,,1,2,,,2,,1,2,2,,3,,,,1,1,2,3,4,5,,8,3,,,1,1,1,,0,0,1968,大學,2,其他,
243,2,2,,,,,,,,,,,,1,,,1,,1,1,,1,2,,,1,,2,2,4,,4,,,,1,1,,,,,,0,3,,,2,1,1,,0,0,1989,大學,1,待業或無業,
244,1,1,,,3,,,,,,,,,3,,,2,,1,1,,1,1,,,1,,2,2,4,,3,,,,3,,,3,,,,5,1,,,2,1,1,,1,0,1982,大學,14,專業人員,
245,1,2,,,,,,,,,,,,3,,,1,,1,1,,1,1,,,1,,2,2,4,,3,,,,3,,,,4,,,6,3,,,2,2,2,,0,0,1982,大學,10,事務工作人員,
246,2,2,,,,,,,,,,,,92,,不需要,1,,2,2,,1,1,,,2,,2,2,5,,99,,,,2,1,2,,,,,1,4,,,2,4,1,,1,0,1971,大學,9,事務工作人員,
247,1,2,,,,,,,,,,,,3,,,2,,1,2,,1,1,,,1,,2,2,5,,3,,,,2,1,,,,,,4,3,,,2,1,1,,1,0,1979,,1,,
249,1,2,,,,,,,,,,,,1,,,2,,1,1,,1,5,,,1,,1,1,3,,2,,,,3,,,,,5,,5,4,,,1,1,1,,1,0,1988,大學,13,技術員及助理專業人員,
250,1,1,,2,,,5,6,,,,10,,2,,,2,,2,2,,2,1,,,2,,2,2,5,,3,,,,2,1,2,3,,5,,7,3,,,1,2,1,,1,0,1983,研究所以上,2,專業人員,
252,1,1,,,,4,5,,7,,,10,,1,,,2,,1,1,,1,5,,,1,,1,1,1,,4,,,,1,1,,,,,,7,2,,,2,2,1,,1,4,1978,專科,6,技術員及助理專業人員,
254,1,1,,,3,,,,7,8,,,,2,,,2,,2,2,,2,1,,,2,,2,2,5,,3,,,,2,1,,3,4,,,9,3,,,1,2,1,,0,0,1988,大學,14,專業人員,
255,1,2,,,,,,,,,,,,1,,,2,,2,1,,1,2,,,2,,2,2,5,,3,,,,2,1,,,,,,2,2,,,2,2,1,,1,0,1994,,1,,
256,1,1,1,2,,,,,,,,,,3,,,2,,2,2,,1,5,,,1,,1,2,3,,3,,,,2,,,,,5,,7,2,,,2,2,1,,0,0,1998,大學,6,學生,
258,1,1,1,,,,,,,8,9,,90,3,,,2,,1,2,比去燒烤店便宜多了,2,5,,,1,所以在家烤，很久沒有到戶外了,2,1,4,,3,,,,3,1,2,3,4,5,,8,90,要看與家人居住的距離,,2,2,1,,0,0,1985,專科,3,其他,
259,1,1,,,,,,,,8,,10,90,3,,,2,,2,2,,1,5,,,2,,2,2,4,,3,,,,1,1,2,3,4,5,,5,2,,,2,1,1,,1,0,1992,研究所以上,6,學生,
260,1,1,1,,,,,,7,8,9,,,1,,,2,,1,1,,1,1,,,1,,2,2,5,,2,,,,2,1,,3,4,,,5,3,,,1,1,2,,1,0,1971,研究所以上,8,專業人員,
261,1,2,,,,,,,,,,,,3,,,2,,2,2,,1,1,,,2,,2,2,4,,3,,,,1,1,2,3,,5,,5,2,,,1,1,1,1,0,0,1996,大學,8,學生,
262,2,2,,,,,,,,,,,,2,,,2,,1,2,,2,1,,,1,,2,2,5,,3,,,,2,1,,,,,,6,3,,,2,1,1,,0,0,1995,高中/職,15,學生,
264,1,2,,,,,,,,,,,,1,,,2,,2,1,,1,2,,,2,,2,2,5,,3,,,,3,,,,4,5,,6,3,,,2,2,1,,1,5,1993,大學,1,學生,
265,2,2,,,,,,,,,,,,1,,,2,,2,2,,1,2,,,1,,2,2,5,,4,,,,2,,,,4,,,5,3,,,2,2,1,,1,4,1993,研究所以上,1,學生,
268,1,1,,,,,,6,7,,9,,,3,,,2,,2,2,,2,2,,,1,,2,2,2,,3,,,,2,1,2,3,,5,,8,3,,,1,2,1,,0,0,1988,大學,4,事務工作人員,
269,1,2,,,,,,,,,,,,3,,,2,,1,2,,1,1,,,1,,2,1,3,,3,,,,2,1,,3,4,5,,3,4,,,2,2,2,,0,0,1962,大學,14,服務工作人員及銷售員,
270,1,2,,,,,,,,,,,,1,,,2,,2,1,,1,1,,,1,,2,2,4,,3,,,,3,1,,,,,,5,3,,,2,2,1,,1,3,1980,大學,2,其他,
271,1,1,1,,,,5,,7,,9,,,3,,,2,,2,2,,2,2,,,1,,2,1,4,,3,,,,2,1,,,4,,,6,3,,,1,2,1,,1,0,1970,高中/職,4,技術員及助理專業人員,
272,1,1,,,,,,,7,,,,,3,,,2,,1,2,,1,5,,,2,,1,1,2,,3,,,,1,,2,,,,,7,2,,,1,1,2,,1,0,1984,專科,11,事務工作人員,
273,1,1,,,,,5,,,,,,,1,,,1,,2,2,,1,2,,,2,,2,1,3,,3,,,,2,,,3,,,,6,2,,,1,2,2,,1,0,1967,研究所以上,11,技術工作及有關工作人員,
274,1,1,1,,,,,,,8,,,,3,,,2,,2,1,,1,5,,,2,,2,2,5,,3,,,,3,,,,4,,,6,3,,,1,2,1,,1,0,1971,研究所以上,15,服務工作人員及銷售員,
275,1,2,,,,,,,,,,,,3,,,2,,2,2,,1,1,,,1,,2,2,5,,3,,,,3,,,,4,,,3,2,,,2,1,1,,1,0,1982,大學,2,服務工作人員及銷售員,
277,1,2,,,,,,,,,,,,1,,,2,,2,2,,1,5,,,2,,2,2,4,,3,,,,3,,,,4,,,5,3,,,2,1,1,,0,0,1994,研究所以上,8,學生,
278,1,2,,,,,,,,,,,,3,,,1,,1,3,,1,2,,,3,,2,2,4,,3,,,,1,1,2,3,4,,,2,3,,,2,1,1,,0,0,1996,大學,2,學生,
279,1,1,1,2,,,,,7,,9,,,3,,,2,,2,2,,1,1,,,1,,1,1,5,,3,,,,2,,,3,4,,,8,3,,,2,1,1,,0,4,1995,大學,14,學生,
280,1,1,1,2,,,,,,,,,,3,,,2,,2,2,,1,2,,,1,,2,2,4,,3,,,,3,1,,3,,,,8,3,,,1,1,1,,1,0,1985,研究所以上,15,其他,
281,2,2,,,,,,,,,,,,92,,不吃,1,,2,1,,1,1,,,1,,2,2,4,,99,,,,4,,,,,,99,0,4,,,2,4,1,,0,0,1971,專科,4,事務工作人員,
283,1,1,1,,,,,,,,,,,1,,,2,,3,1,,1,1,,,1,,2,2,4,,3,,,,4,,,,,5,,5,3,,,1,3,2,,1,0,1983,大學,14,事務工作人員,
284,1,2,,,,,,,,,,,,3,,,2,,2,2,,1,1,,,1,,2,1,5,,3,,,,1,1,,3,,5,,8,3,,,2,1,1,,1,0,1980,大學,14,農/林/漁/牧工作人員,
286,1,2,,,,,,,,,,,,92,,不喜歡吃烤肉,2,,1,1,,1,1,,,1,,2,2,4,,3,,,,2,,,,4,,,0,3,,,1,1,1,,0,0,1991,,4,,
287,1,2,,,,,,,,,,,,3,,,2,,2,3,,1,4,,,2,,2,2,4,,3,,,,2,1,2,3,4,5,,5,4,,,2,2,2,,1,0,1987,研究所以上,8,技術工作及有關工作人員,
288,1,2,,,,,,,,,,,,3,,,2,,1,2,,1,1,,,1,,2,2,4,,3,,,,1,1,,3,4,5,,6,2,,,2,1,1,,0,0,1996,大學,8,學生,
289,1,1,1,,3,,5,,,8,,,,1,,,2,,1,1,,1,1,,,1,,2,2,5,,4,,,,3,,,,,5,,6,2,,,1,1,1,,0,0,1978,專科,4,事務工作人員,
290,1,1,1,2,,4,5,6,7,8,9,10,,3,,,2,,1,1,,1,1,,,1,,1,2,1,,3,,,,2,,,,4,,,7,3,,,2,1,2,,0,0,1972,國/初中,4,家管,
292,1,2,,,,,,,,,,,,1,,,2,,2,2,,1,4,,,2,,2,2,4,,3,,,,2,1,,,,,,7,2,,,1,1,2,,0,0,1974,大學,12,服務工作人員及銷售員,
293,1,1,,,,4,,,7,,,10,,3,,,2,,1,1,,1,2,,,1,,2,2,5,,3,,,,3,,,,,5,,4,3,,,2,2,2,,0,0,1996,大學,8,學生,
294,2,1,1,2,,4,,6,7,8,9,10,,3,,,2,,2,1,,1,5,,,2,,2,2,4,,3,,,,2,,,,4,,,5,3,,,1,1,1,,0,0,1998,大學,1,服務工作人員及銷售員,
295,1,2,,,,,,,,,,,,2,,,2,,1,1,,2,2,,,1,,2,2,4,,3,,,,1,,,,,5,,3,4,,,2,1,2,,1,0,1987,研究所以上,16,事務工作人員,
297,1,2,,,,,,,,,,,,2,,,1,,1,2,,1,4,,,2,,2,2,4,,4,,,,2,1,,3,4,,,2,2,,,2,2,2,,0,0,1993,研究所以上,15,學生,
298,1,2,,,,,,,,,,,,2,,,2,,2,1,,1,4,,,1,,2,2,4,,4,,,,2,1,,3,4,,,1,2,,,2,2,2,,0,0,1993,研究所以上,15,學生,
299,1,2,,,,,,,,,,,,3,,,2,,1,1,,1,2,,,2,,1,2,2,,3,,,,2,1,,,,,,6,3,,,1,2,1,,0,0,1976,大學,1,專業人員,
300,1,1,1,2,,,5,,,8,9,,,1,,,2,,2,2,,1,2,,,1,,1,2,4,,3,,,,2,,,3,4,,,6,2,,,1,2,1,,0,0,1983,高中/職,4,服務工作人員及銷售員,
301,2,2,,,,,,,,,,,,1,,,2,,2,3,,1,5,,,2,,2,2,5,,4,,,,3,1,,,,5,,5,2,,,2,1,1,,1,0,1988,大學,8,專業人員,
302,1,2,,,,,,,,,,,,1,,,1,,2,2,,1,1,,,1,,2,1,5,,99,,,,1,1,2,3,4,5,,6,90,我跟家人天天見面所以不用社群聯繫。,,2,4,2,,0,0,1978,大學,8,其他,
303,1,2,,,,,,,,,,,,3,,,2,,2,1,,1,5,,,2,,2,2,4,,3,,,,1,1,2,3,4,5,,7,3,,,2,2,1,,0,0,1992,大學,9,事務工作人員,
304,1,2,,,,,,,,,,,,3,,,2,,2,1,,1,4,,,1,,1,1,2,,1,,,,3,,,,,5,,10,4,,,1,1,1,,0,4,2000,高中/職,8,學生,
305,2,2,,,,,,,,,,,,2,,,1,,1,1,,1,1,,,1,,2,2,5,,4,,,,4,,,,,,99,5,3,,,2,2,1,,0,0,1981,專科,2,事務工作人員,
306,1,1,1,2,3,4,5,6,7,8,9,10,,2,,,2,,2,2,,1,2,,,1,,1,2,2,,3,,,,3,1,2,3,4,,,7,4,,,2,1,1,,0,4,1986,大學,8,事務工作人員,
307,1,1,1,,,4,,,7,8,,,,3,,,2,,2,2,,1,2,,,2,,1,2,3,,4,,,,2,1,,3,,,,6,2,,,1,2,1,,1,0,1974,專科,14,服務工作人員及銷售員,
308,1,2,,,,,,,,,,,,3,,,2,,2,2,,2,1,,,1,,2,2,5,,3,,,,2,1,,3,,5,,6,4,,,1,1,2,,1,0,1970,高中/職,14,技術員及助理專業人員,
309,2,2,,,,,,,,,,,,3,,,2,,2,2,,1,5,,,3,,2,2,90,人少比較自在,3,,,,1,1,,,4,,,5,2,,,2,2,1,,1,0,1985,大學,9,待業或無業,
310,2,2,,,,,,,,,,,,92,,不想吃烤肉,1,,1,1,,1,1,,,1,,2,2,5,,99,,,,2,,,,,,99,0,2,,,2,2,1,,1,0,1989,大學,8,技術工作及有關工作人員,
311,1,1,1,2,3,4,5,6,7,8,9,10,,2,,,2,,2,2,,2,2,,,1,,1,2,4,,3,,,,2,1,2,3,4,,,7,3,,,1,2,1,,0,0,1986,大學,12,事務工作人員,
312,1,2,,,,,,,,,,,,3,,,1,,3,1,,1,1,,,3,,2,2,5,,99,,,,4,1,,,,,,0,4,,,2,4,1,,1,0,1985,研究所以上,8,技術員及助理專業人員,
313,1,2,,,,,,,,,,,,2,,,2,,2,1,,1,2,,,2,,2,2,90,不喜歡，很吵+空氣不好,3,,,,2,,,,4,,,2,2,,,1,2,1,,0,0,1995,大學,13,學生,
314,1,2,,,,,,,,,,,,3,,,1,,1,3,,1,1,,,1,,2,2,5,,99,,,,3,1,,,,,,1,4,,,2,1,2,,1,0,1955,高中/職,1,退休,
315,1,2,,,,,,,,,,,,2,,,2,,2,3,,1,5,,,1,,1,2,1,,1,,,,3,1,,3,4,,,5,2,,,2,1,1,,0,0,1990,大學,8,事務工作人員,
316,1,2,,,,,,,,,,,,92,,空污,1,,1,3,,1,1,,,1,,2,2,5,,99,,,,3,1,,,,,,0,4,,,2,1,1,,1,0,1968,專科,21,專業人員,
317,1,2,,,,,,,,,,,,1,,,2,,2,2,,1,5,,,2,,1,2,2,,3,,,,3,1,2,3,4,5,,7,3,,,1,2,1,,0,0,1989,,8,,
318,1,2,,,,,,,,,,,,3,,,2,,2,2,,2,2,,,1,,2,2,5,,4,,,,2,1,,,,,,2,3,,,2,2,1,,0,0,1993,研究所以上,15,學生,
319,1,2,,,,,,,,,,,,1,,,2,,2,1,,1,1,,,1,,2,2,3,,3,,,,3,,,3,,5,,2,3,,,2,1,2,,0,0,1992,大學,14,服務工作人員及銷售員,
321,1,1,,,,,5,,7,,,,,2,,,1,,1,2,,1,2,,,1,,1,2,3,,1,,,,3,,2,,,,,3,2,,,2,3,1,,1,0,1965,專科,4,技術員及助理專業人員,
322,1,2,,,,,,,,,,,,1,,,2,,1,2,,1,1,,,1,,1,2,3,,1,,,,3,1,,,4,,,3,3,,,2,1,1,,1,0,1979,研究所以上,14,其他,
323,1,1,1,2,,,5,,,,,,,2,,,2,,2,2,,1,2,,,1,,1,2,3,,3,,,,3,,2,3,,,,6,3,,,1,1,1,,1,0,1970,,,,
324,1,1,,,,4,,,,,,,,2,,,1,,1,2,,1,4,,,1,,1,1,2,,3,,,,2,,,3,,,,6,2,,,1,1,2,,1,0,1979,大學,11,機械設備操作工及組裝工,
325,2,2,,,,,,,,,,,,3,,,1,,1,1,,1,1,,,1,,2,2,5,,99,,,,2,,,,,5,,7,2,,,2,2,2,,0,4,1983,高中/職,8,待業或無業,
327,1,2,,,,,,,,,,,,92,,家裡不烤肉,1,,1,2,,1,1,,,1,,2,1,5,,99,,,,3,,,,,5,,0,3,,,2,4,1,,0,0,1955,專科,15,家管,
328,1,1,1,2,3,4,5,6,7,8,9,10,,3,,,2,,1,2,,2,2,,,2,,1,1,2,,1,,,,1,1,2,3,4,,,10,3,,,1,1,1,,0,0,1975,專科,14,事務工作人員,
329,1,1,1,2,3,4,5,6,7,8,9,10,,1,,,2,,3,3,,2,5,,,3,,1,1,1,,1,,,,1,1,2,3,,,,10,1,,,1,1,1,,0,0,1986,大學,4,服務工作人員及銷售員,
330,1,1,1,2,3,,,,,8,9,,,3,,,2,,2,2,,1,2,,,2,,2,2,4,,3,,,,2,1,2,3,,5,,5,3,,,2,2,2,,1,0,1992,大學,15,技術工作及有關工作人員,
331,1,2,,,,,,,,,,,,3,,,2,,2,3,,1,2,,,1,,2,1,5,,3,,,,3,1,2,3,4,5,,5,4,,,2,3,2,,1,0,1974,專科,8,事務工作人員,
332,1,2,,,,,,,,,,,,92,,氣氛很奇怪,2,,2,2,,1,2,,,1,,2,2,4,,3,,,,3,1,2,3,4,5,,4,2,,,2,1,1,,1,0,1989,大學,8,事務工作人員,
333,1,2,,,,,,,,,,,,3,,,2,,2,1,,1,2,,,1,,2,2,4,,99,,,,2,,,3,,,,5,3,,,2,2,1,,0,0,1993,大學,2,事務工作人員,
334,1,1,1,2,3,,,6,,8,,,,3,,,2,,2,2,,1,2,,,2,,2,2,5,,3,,,,3,1,,3,,,,7,3,,,1,2,1,,1,0,1977,大學,14,技術工作及有關工作人員,
336,1,1,1,,,,,,7,8,,,,1,,,2,,2,2,,1,2,,,2,,2,2,4,,4,,,,3,,,3,,,,3,2,,,2,2,1,,0,0,1983,大學,8,事務工作人員,
337,1,2,,,,,,,,,,,,2,,,2,,2,2,,1,5,,,1,,1,2,3,,2,,,,2,1,,,,5,,5,3,,,2,2,1,,1,0,1976,專科,2,服務工作人員及銷售員,
338,1,2,,,,,,,,,,,,3,,,2,,1,1,,1,1,,,1,,2,2,4,,3,,,,2,1,2,3,4,,,4,3,,,2,1,1,,1,0,1986,大學,15,專業人員,
339,1,2,,,,,,,,,,,,3,,,2,,2,1,,1,1,,,1,,1,2,5,,3,,,,2,1,2,3,4,,,5,3,,,2,1,2,,0,0,1971,專科,15,專業人員,
340,1,1,1,2,3,4,5,6,7,8,9,,,3,,,2,,2,2,,1,4,,,1,,2,2,4,,3,,,,3,,,3,4,,,6,3,,,1,2,2,,0,0,1983,大學,2,技術員及助理專業人員,
341,1,1,1,,3,,,6,,8,9,,,3,,,2,,2,2,,2,3,,,2,,2,1,4,,3,,,,2,1,2,3,4,5,,10,3,,,2,1,2,,1,0,1979,研究所以上,14,專業人員,
342,2,2,,,,,,,,,,,,92,,覺得吃烤肉不健康,1,,1,2,,1,4,,,1,,2,2,5,,99,,,,1,1,2,,,5,,2,3,,,2,2,1,,0,0,1957,高中/職,15,家管,
343,1,2,,,,,,,,,,,,3,,,2,,2,2,,2,4,,,1,,1,2,2,,3,,,,1,1,2,3,4,5,,6,3,,,2,1,1,,1,0,1993,大學,1,學生,
344,1,1,,,,,,,7,,,,,1,,,2,,2,1,,1,5,,,1,,1,1,1,,3,,,,4,1,,,,,,7,1,,,2,1,2,,1,0,1994,專科,13,專業人員,
345,1,2,,,,,,,,,,,,2,,,1,,2,2,,1,1,,,1,,2,2,5,,99,,,,1,,,,,5,,0,3,,,2,2,2,,1,0,1966,專科,8,專業人員,
346,1,2,,,,,,,,,,,,90,偶爾有人服務也不錯,,2,,1,2,,1,3,,有人會放煙火慶祝，很吵雜,1,,2,2,4,,3,,,,3,1,2,,4,,,10,3,,,2,1,1,,0,0,1993,大學,10,學生,
347,1,2,,,,,,,,,,,,92,,乾脆去燒烤店吃算了,1,,2,2,,1,1,,,1,,2,2,90,就是台灣特色,3,,,,2,,,,,5,,6,3,,,1,3,2,,1,0,1975,大學,15,服務工作人員及銷售員,
348,2,2,,,,,,,,,,,,92,,烤物致癌，很少吃,2,大家具再一起很好玩 但不一定要烤肉 煮火鍋也可以啊,1,3,,1,1,,垃圾+空氣,1,嚴重破壞空氣,1,2,90,我覺得熱鬧我喜歡但是我不響造成空氣汙染,1,,,但是還是不建議烤肉....,1,1,,,,5,,5,3,,,2,1,1,,0,0,1981,專科,2,事務工作人員,
349,1,1,1,2,,4,,6,7,8,9,10,,1,,,2,,1,1,,1,2,,,1,,1,2,2,,4,,,,3,1,2,3,4,5,,3,3,,,1,2,2,,1,0,1989,研究所以上,8,專業人員,
350,1,1,1,2,,4,5,6,7,8,9,10,,3,,,2,,2,2,,2,1,,,2,,2,2,4,,3,,,,3,1,2,3,4,,,6,2,,,1,1,1,,1,4,1971,專科,1,其他,
351,1,1,1,2,,,,,,,9,,,3,,,2,,2,2,,2,3,,,2,,2,2,5,,3,,,,1,,,3,,,,10,2,,,1,1,1,,0,4,1984,高中/職,14,機械設備操作工及組裝工,
352,1,1,1,,,,,,,8,,,,3,,,2,,2,2,,2,5,,,3,,2,1,90,不喜歡，人太多很不方便,3,,,,1,,,,,5,,2,2,,,1,1,1,,0,0,1990,大學,15,服務工作人員及銷售員,
354,1,1,1,,,,,6,7,,9,,,3,,,2,,2,2,,2,4,,,2,,2,2,5,,4,,,,2,1,2,3,4,,,6,3,,,2,2,2,,0,0,1992,大學,4,學生,
355,1,1,1,2,,,,,,,9,,,3,,,2,,2,2,,1,1,,,1,,2,2,5,,3,,,,2,1,,,4,,,7,2,,,1,2,1,,0,0,1976,大學,4,服務工作人員及銷售員,
356,2,2,,,,,,,,,,,,2,,,2,,1,1,,1,4,,,1,,1,2,5,,3,,,,2,,,,,5,,4,2,,,2,2,1,,0,0,1993,大學,12,學生,
357,1,2,,,,,,,,,,,,2,,,2,,1,2,,1,90,燒焦，對健康有害,,1,,1,2,3,,1,,,,3,,,,,,99,4,2,,,2,1,1,,0,0,1990,研究所以上,4,學生,
358,1,2,,,,,,,,,,,,3,,,2,,2,3,,1,1,,,1,,2,2,5,,99,,,,1,1,2,3,,,,2,4,,,2,1,1,,0,0,1963,大學,8,退休,
360,2,2,,,,,,,,,,,,92,,不愛烤肉,2,,1,1,,1,1,,,1,,2,2,5,,99,,,,3,,,,,5,,0,2,,,2,1,1,,0,0,1979,大學,15,非技術工及體力工,
361,2,1,1,2,,4,,,,,,,,3,,,2,,1,1,,1,4,,,2,,1,2,1,,3,,,,2,,,3,,,,5,2,,,2,2,1,,1,2,1995,大學,8,學生,
362,1,1,1,,,,,,7,,,,90,2,,,1,覺得為什麼中秋節就要烤肉?,1,1,,1,2,,,1,,2,2,4,,3,,,比較喜歡去燒烤店烤,3,1,,3,,5,,4,90,平常都跟家人住一起,,1,1,1,,0,0,1988,大學,1,事務工作人員,
363,2,1,,,3,4,,,7,8,,,,3,,,2,,1,1,,1,2,,,1,,2,1,5,,4,,,,2,,,,,5,,8,3,,,2,1,1,,0,0,1970,,,,
364,1,2,,,,,,,,,,,,3,,,1,,1,2,,1,1,,,1,,2,2,5,,99,,,,3,1,,3,4,5,,1,3,,,2,1,1,,1,0,1986,大學,8,技術工作及有關工作人員,
365,1,2,,,,,,,,,,,,3,,,2,,2,1,,1,1,,,1,,2,2,5,,99,,,,2,,,,,5,,4,3,,,2,2,2,,1,0,2003,國/初中,15,學生,
366,1,1,1,2,,4,,,,,,,,3,,,2,,1,1,,1,2,,,1,,2,2,4,,3,,,,3,,,3,,,,9,3,,,1,1,1,,0,0,1982,大學,4,其他,
367,2,2,,,,,,,,,,,,2,,,1,,3,2,,1,1,,,1,,2,2,5,,4,,,,2,,,,,5,,5,2,,,1,1,1,,0,0,1978,高中/職,1,事務工作人員,
368,1,1,1,,3,,,6,,8,9,10,,3,,,2,,2,2,,1,2,,,2,,1,2,2,,3,,,,2,1,2,3,4,5,,7,2,,,1,1,1,,1,0,1973,研究所以上,15,技術員及助理專業人員,
370,1,1,1,,3,,,,,,,,,3,,,2,,2,1,,2,2,,,2,,1,2,2,,1,,,,2,1,,3,4,,,7,2,,,1,1,1,,0,0,1996,大學,15,學生,
371,1,1,1,2,3,4,5,6,7,,9,,,3,,,2,,1,2,,2,1,,,1,,2,2,5,,3,,,,2,,,,,,99,5,2,,,2,2,1,,1,0,1962,專科,8,民意代表/行政主管/企業主管及經理人員,
372,1,1,1,2,,,,,,,,,,3,,,2,,2,2,,1,1,,,2,,2,2,5,,4,,,,1,1,2,3,4,,,6,3,,,1,1,2,,0,0,1990,研究所以上,14,技術工作及有關工作人員,
373,1,1,,,,,,,,8,,,,1,,,1,,2,2,,1,4,,,2,,1,1,3,,2,,,,2,,2,,,,,6,1,,,1,2,2,,0,0,1928,高中/職,11,退休,
374,1,1,1,,,,5,,,,,,90,3,,,2,,2,1,,1,2,,,1,,1,2,5,,3,,,,2,1,2,3,4,5,,3,3,,,2,2,2,,1,0,1994,大學,8,學生,
375,1,2,,,,,,,,,,,,1,,,2,,2,2,,1,5,,,2,,2,2,4,,3,,,,3,1,,3,,5,,5,2,,,1,2,1,,1,0,1985,大學,2,事務工作人員,
376,2,1,1,,,,,,,8,,,,3,,,2,,1,2,,2,90,蚊蟲,,1,,2,2,4,,3,,,,2,,,,,5,,6,3,,,1,1,2,,0,0,1990,研究所以上,15,學生,
378,1,1,1,,,,,,,8,,,,3,,,2,,1,2,,1,2,,,1,,2,2,5,,3,,,,3,1,,3,4,5,,10,3,,,2,1,1,,0,0,1992,大學,6,技術工作及有關工作人員,
379,1,2,,,,,,,,,,,,3,,,2,,1,1,,1,1,,,1,,2,2,5,,3,,,,3,1,2,3,4,5,,8,4,,,1,1,2,,0,0,1993,大學,15,待業或無業,
380,1,2,,,,,,,,,,,,1,,,2,,2,2,,1,1,,,1,,2,1,4,,3,,,,2,,,,4,,,2,3,,,2,1,1,,1,0,1984,大學,2,專業人員,
381,2,2,,,,,,,,,,,,2,,,2,,1,1,,1,3,,,1,,2,2,4,,4,,,,2,1,,,,,,5,1,,,2,1,1,,0,0,1991,大學,11,待業或無業,
383,1,1,1,,3,,,,7,,,10,,2,,,2,,2,2,,1,2,,,2,,1,2,2,,2,,,,1,1,,3,,5,,10,3,,,1,1,1,,0,0,1983,專科,4,技術員及助理專業人員,
384,1,2,,,,,,,,,,,,3,,,2,,2,2,,1,1,,,1,,2,2,5,,3,,,,1,1,2,3,4,5,,5,2,,,2,1,1,,0,0,1993,大學,2,學生,
385,1,2,,,,,,,,,,,,3,,,1,,1,1,,1,1,,,1,,2,2,5,,99,,,,2,1,2,3,,5,,0,4,,,1,2,2,,0,0,1992,研究所以上,14,學生,
387,1,2,,,,,,,,,,,,1,,,1,,1,1,,1,1,,,1,,2,2,5,,99,,,,2,1,2,3,4,,,0,4,,,2,2,1,,0,0,1984,大學,15,其他,
388,1,2,,,,,,,,,,,,1,,,2,,2,2,,1,90,不熟或烤焦,,3,,1,2,2,,1,,,,2,,,,,5,,4,3,,,2,3,1,,0,0,1992,大學,15,專業人員,
389,1,1,1,,,,,,,,,,,3,,,1,,2,1,,1,5,,,2,,1,1,2,,2,,,,1,,,3,,,,6,2,,,1,1,1,,0,0,2000,國/初中,11,學生,
390,1,1,1,,3,,,,7,,,10,,3,,,2,,2,2,,1,2,,,2,,1,1,3,,2,,,,2,,,,4,,,7,2,,,1,1,1,,1,0,1960,大學,2,服務工作人員及銷售員,
391,2,2,,,,,,,,,,,,3,,,1,,2,2,,2,2,,,2,,2,2,4,,3,,,,3,1,,,,,,3,2,,,2,2,2,,0,0,1985,研究所以上,14,學生,
392,2,2,,,,,,,,,,,,1,,,2,,1,1,,1,4,,,1,,1,2,4,,2,,,,2,1,,,,,,2,2,,,2,2,1,,1,0,1982,研究所以上,19,技術員及助理專業人員,
393,1,2,,,,,,,,,,,,3,,,2,,1,1,,2,2,,,1,,2,2,2,,3,,,,3,1,,3,,5,,10,3,,,2,2,2,,0,0,1997,高中/職,19,學生,
394,2,1,1,,3,,5,,,8,,10,,1,,,2,,3,2,,2,5,,,2,,2,2,4,,3,,,,3,,,,,,99,5,2,,,1,1,1,,0,0,1966,高中/職,15,家管,
395,1,1,1,2,,,,,,,9,,,3,,,2,,2,1,,1,1,,,2,,2,2,4,,3,,,,1,1,2,3,4,5,,10,2,,,1,1,1,,0,0,1993,大學,14,學生,
396,1,2,,,,,,,,,,,,3,,,2,,2,1,,1,1,,,2,,1,2,2,,3,,,,3,1,,,,,,3,2,,,1,2,2,,0,0,1992,大學,14,其他,
397,1,1,1,2,,,,,,8,9,,,3,,,2,,2,2,,1,2,,,1,,2,2,4,,3,,,,2,1,2,3,,,,8,3,,,1,2,1,,0,0,1995,大學,4,學生,
398,1,1,1,2,,,,,7,,9,,,2,,,2,,2,2,,2,1,,,1,,1,1,2,,2,,,,2,,2,3,4,,,9,3,,,1,1,1,,0,0,1986,大學,6,專業人員,
399,1,1,1,,,,,,7,8,,,,3,,,2,,2,2,,1,1,,,1,,2,2,4,,3,,,,1,1,2,3,4,5,,10,3,,,1,2,1,,0,0,1995,大學,14,學生,
400,1,2,,,,,,,,,,,,1,,,2,,2,2,,2,2,,,2,,2,1,4,,4,,,,2,,,,4,,,5,2,,,2,1,1,,1,0,1989,大學,14,服務工作人員及銷售員,
402,1,1,1,2,3,,5,,7,8,9,,,3,,,2,,2,3,,2,5,,,3,,1,1,2,,3,,,,1,1,2,3,4,5,,9,3,,,1,1,1,,1,0,1977,大學,8,民意代表/行政主管/企業主管及經理人員,
405,1,1,1,2,,,,,,,,,,1,,,2,烤肉就只是一活動，好不好玩則牽涉到參與的人。,2,2,,1,2,,,1,,1,2,2,,3,,,,3,1,,,,,,6,4,,,2,2,1,,1,0,1984,大學,2,事務工作人員,
406,1,1,,2,,,5,6,,,,,,3,,,2,,3,1,,2,5,,,2,,1,2,1,,3,,,,2,1,,3,,,,10,4,,,1,1,1,,0,0,1981,大學,9,事務工作人員,
408,1,1,1,2,3,4,,,,8,9,,,1,,,2,,2,2,,1,4,,,2,,1,1,2,,3,,,,2,1,2,3,,,,8,3,,,1,1,2,,0,0,1971,專科,1,家管,
409,1,1,,2,,4,,,,,,,,2,,,2,,2,2,,2,2,,,2,,1,1,2,,3,,,,2,1,,3,4,,,8,3,,,1,1,2,,1,0,1970,,,,
411,1,1,1,,,4,,,,8,,,,3,,,2,,3,2,,2,5,,,3,,1,2,1,,3,,,,1,1,2,3,4,,,9,3,,,1,1,1,,0,0,1982,高中/職,12,家管,
412,1,2,,,,,,,,,,,,3,,,2,,1,2,,1,1,,,1,,1,2,5,,3,,,,1,1,,,4,5,,7,4,,,1,1,1,,0,0,1993,大學,2,服務工作人員及銷售員,
413,1,1,,,3,,,,,,,,,1,,,2,,1,2,,1,2,,,2,,1,1,2,,2,,,,2,1,,,,,,5,2,,,1,1,1,,1,0,1944,高中/職,11,農/林/漁/牧工作人員,
415,1,1,1,2,3,4,5,6,7,8,9,10,,3,,,2,,2,2,,2,5,,,3,,1,2,3,,3,,,,3,1,2,3,4,5,,6,4,,,1,2,2,,0,0,1977,研究所以上,1,服務工作人員及銷售員,
416,1,2,,,,,,,,,,,,3,,,1,,1,1,,1,1,,,1,,2,2,5,,99,,,,1,,,3,4,5,,0,2,,,2,1,1,,0,0,1983,專科,15,服務工作人員及銷售員,
417,1,2,,,,,,,,,,,,3,,,2,,1,1,,1,1,,,1,,1,2,5,,3,,,,3,1,,,4,5,,8,4,,,1,1,2,,0,0,1999,專科,1,學生,
418,1,1,1,2,,,5,,,,,,,3,,,2,,2,2,,2,2,,,2,,2,2,3,,4,,,,3,1,2,3,4,5,,6,3,,,1,2,1,,1,0,1985,研究所以上,1,專業人員,
419,1,1,1,,,,,,7,,,,,2,,,2,,2,2,,1,2,,,1,,1,1,3,,3,,,,2,,,,,5,,9,2,,,2,1,1,,0,5,1994,大學,4,技術工作及有關工作人員,
420,1,2,,,,,,,,,,,,1,,,2,,1,2,,1,2,,,2,,1,1,2,,3,,,,3,,,,4,,,5,2,,,2,1,1,,0,0,1991,研究所以上,8,學生,
421,2,2,,,,,,,,,,,,2,,,2,,1,2,,1,2,,,1,,2,2,5,,3,,,,3,,,,,5,,4,3,,,2,2,1,,1,0,1988,大學,10,專業人員,
423,1,2,,,,,,,,,,,,1,,,2,,1,1,,1,2,,,1,,2,2,4,,4,,,,3,1,2,3,4,5,,6,1,,,1,1,1,,1,0,1990,大學,2,技術工作及有關工作人員,
424,1,2,,,,,,,,,,,,3,,,2,,2,2,,2,2,,,2,,2,2,5,,3,,,,3,1,,3,,,,6,2,,,2,1,1,,0,0,1992,大學,1,學生,
425,1,1,,2,,,5,6,,8,,,,3,,,2,,2,2,,2,5,,,2,,2,2,5,,4,,,,3,1,2,3,4,5,,7,3,,,2,2,2,,0,0,1991,大學,2,事務工作人員,
426,1,1,1,2,,4,,,,,,10,,3,,,2,,2,2,,1,1,,,2,,2,2,4,,3,,,,3,,,,,,99,7,2,,,2,1,1,,0,0,1987,研究所以上,3,技術工作及有關工作人員,
427,1,2,,,,,,,,,,,,1,,,2,,2,1,,1,2,,,1,,1,2,1,,1,,,,3,1,2,3,,,,6,3,,,1,4,2,,0,0,1973,專科,2,其他,
428,1,2,,,,,,,,,,,,3,,,2,,1,2,,1,1,,,1,,2,2,5,,4,,,,3,1,2,3,4,,,4,1,,,2,1,1,,0,0,1994,大學,4,事務工作人員,
429,1,1,1,2,,,,,,8,,,90,3,,,2,,2,2,,1,90,事後的整理,,1,,2,1,5,,3,,,,1,1,,,4,5,,7,2,,,2,2,1,,1,0,1961,大學,15,待業或無業,
430,1,1,1,,,4,,6,7,,,10,,3,,,2,,1,2,,1,1,,,1,,2,2,5,,3,,,,1,,,3,,,,10,3,,,1,1,1,,1,2,1966,研究所以上,15,民意代表/行政主管/企業主管及經理人員,
431,1,1,,,3,,,,,,,,,2,,,1,,1,2,,1,3,,,1,,2,1,2,,4,,,,1,,,3,,,,6,2,,,1,2,1,,0,0,1955,高中/職,11,服務工作人員及銷售員,
432,1,2,,,,,,,,,,,,3,,,2,,2,2,,1,1,,,1,,2,2,4,,3,,,,2,1,2,3,4,5,,3,3,,,1,2,1,,1,0,1972,專科,5,待業或無業,
433,1,2,,,,,,,,,,,,3,,,2,,1,2,,1,1,,,2,,2,2,5,,3,,,,3,1,2,3,4,,,7,3,,,2,1,1,,0,0,1991,高中/職,9,其他,
434,1,2,,,,,,,,,,,,1,,,2,,1,1,,1,1,,,1,,2,2,5,,4,,,,1,1,2,3,4,5,,0,4,,,2,3,2,,0,0,1986,大學,11,待業或無業,
435,1,2,,,,,,,,,,,,3,,,2,,2,3,,2,1,,,1,,2,1,5,,4,,,,2,,,,,5,,5,3,,,2,1,2,,1,0,1971,專科,2,技術員及助理專業人員,
436,1,2,,,,,,,,,,,,3,,,2,,1,1,,1,2,,,1,,2,2,4,,3,,,,2,1,2,3,,,,4,3,,,1,1,2,,0,0,1952,國小以下,2,家管,
437,1,1,1,2,3,4,,6,7,,9,,,92,,不能享受烤肉樂趣,2,,2,3,,2,1,,,1,,2,2,5,,3,,,,1,1,,3,4,,,10,2,,,1,2,2,,0,0,1982,專科,15,家管,
438,1,1,1,2,,4,,,7,8,9,,,3,,,2,,2,1,,1,1,,,1,,2,2,5,,3,,,,2,1,2,3,4,,,7,4,,,1,1,1,,0,0,1977,研究所以上,1,專業人員,
439,1,2,,,,,,,,,,,,92,,麻煩,1,,2,1,,1,1,,,1,,2,2,5,,99,,,,3,,,,4,,,2,3,,,2,1,1,,0,0,1995,大學,4,學生,
441,1,1,1,,,4,,,7,8,,,,3,,,2,,1,2,,1,1,,,1,,2,2,5,,99,,,,2,1,2,3,4,5,,2,3,,,2,1,2,,0,0,1969,高中/職,2,家管,
442,1,2,,,,,,,,,,,,3,,,2,,1,1,,1,1,,不喜歡烤肉的味道，還有人多時的喧嘩，影響到住宅區的安寧,1,,2,2,90,偶爾參加是滿有趣的,99,,,,3,1,2,3,4,5,,0,4,,,1,2,1,,0,3,1987,高中/職,4,技術員及助理專業人員,
443,2,1,1,,,,,,,8,9,,,3,,,2,,2,3,,1,2,,,1,,1,2,4,,3,,,,3,1,,,,,,1,2,,,2,1,2,,0,0,1996,大學,13,學生,
444,1,1,1,2,,4,,,7,8,,,,3,,,2,,1,2,,1,1,,,2,,1,2,2,,1,,,,1,1,2,3,4,5,,7,3,,,2,1,1,,1,0,1995,大學,4,學生,
445,1,2,,,,,,,,,,,,1,,,2,,2,2,,1,1,,,2,,1,1,3,,3,,,,2,,2,,,,,4,2,,,1,2,2,,1,0,1956,專科,11,服務工作人員及銷售員,
446,2,1,1,,,4,,,,8,,,,3,,,2,,2,2,,1,2,,,1,,1,2,1,,1,,,,1,1,,,4,,,6,3,,,1,2,1,,1,0,1988,專科,2,其他,
447,1,2,,,,,,,,,,,,2,,,2,,2,3,,1,3,,,2,,1,1,1,,3,,,,2,1,2,3,,5,,5,2,,,2,2,1,,1,0,1987,研究所以上,8,技術工作及有關工作人員,
448,1,1,1,,,,,6,,8,9,10,,3,,,2,,1,2,,1,1,,,1,,1,2,90,有好有壞，上述論點都同意,3,,,,2,1,2,3,,5,,10,3,,,1,1,1,,0,0,1994,大學,6,學生,
449,2,2,,,,,,,,,,,,3,,,2,,2,2,,1,2,,,1,,2,2,5,,4,,,,1,,,,,5,,5,2,,,2,2,1,,1,0,1989,大學,13,待業或無業,
450,1,1,1,2,3,4,5,6,7,8,9,10,,3,,,2,,1,2,,2,5,,,1,,2,2,4,,3,,,,2,,,3,4,,,10,1,,,1,1,2,,0,0,1996,大學,9,學生,
451,1,1,1,,,,,,,,,,,3,,,2,,1,1,,1,1,,,1,,1,2,1,,3,,,,3,,,,,5,,10,3,,,1,1,2,,0,0,1997,高中/職,15,學生,
452,2,2,,,,,,,,,,,,2,,,2,,1,1,,1,1,,,1,,2,2,5,,4,,,,3,1,2,,4,5,,4,1,,,1,2,1,,0,0,1986,大學,2,技術員及助理專業人員,
453,2,2,,,,,,,,,,,,1,,,2,,2,2,,1,2,,,1,,1,2,3,,2,,,,3,1,,,,5,,4,2,,,1,2,1,,1,0,1992,大學,12,專業人員,
454,1,1,1,,,,,,,,,,,1,,,2,,1,1,,1,4,,,1,,1,2,1,,3,,,,1,,,3,,,,6,1,,,2,1,1,,0,0,1985,大學,16,服務工作人員及銷售員,
455,1,1,1,,,,,,7,8,9,,,2,,,2,,2,2,,1,1,,,2,,2,2,4,,3,,,,2,1,2,3,4,5,,4,3,,,2,1,1,,0,0,1996,,13,,
456,1,1,1,2,3,4,,,7,8,9,,,2,,,2,,1,1,,1,1,,,1,,2,2,4,,3,,,,1,1,2,3,4,5,,3,3,,,1,1,2,,0,0,1994,大學,1,技術工作及有關工作人員,
457,1,1,,,3,,5,,,8,9,,,2,,,2,,2,1,,1,1,,,1,,2,2,5,,3,,,,3,,,,,5,,4,2,,,2,1,1,,1,0,1973,大學,4,服務工作人員及銷售員,
459,1,2,,,,,,,,,,,,3,,,2,,1,1,,1,2,,,2,,2,2,2,,3,,,,2,1,,3,4,,,5,3,,,2,2,2,,1,0,1993,大學,4,學生,
460,2,2,,,,,,,,,,,,1,,,2,,1,2,,2,4,,,1,,2,2,4,,4,,,,3,1,,,4,5,,7,3,,,1,1,1,,0,0,1991,大學,9,事務工作人員,
462,1,2,,,,,,,,,,,,3,,,2,,1,1,,1,2,,,1,,2,2,5,,3,,,,3,1,,3,4,5,,3,3,,,2,2,2,,0,0,1983,大學,2,事務工作人員,
463,1,2,,,,,,,,,,,,92,,空氣污染,1,,1,3,,1,2,,,1,,2,1,5,,99,,,,3,1,2,3,4,5,,1,3,,,2,1,2,,0,0,1973,大學,2,專業人員,
464,1,1,1,,3,4,,,7,,,,,3,,,2,,1,2,,1,1,,,1,,2,2,5,,3,,,,2,1,,3,4,5,,9,3,,,1,1,2,,0,0,1988,大學,12,專業人員,
465,2,2,,,,,,,,,,,,3,,,2,,2,1,,1,2,,,2,,2,2,4,,3,,,,3,,,,4,,,2,3,,,2,1,1,,0,0,1996,大學,15,學生,
466,1,2,,,,,,,,,,,,3,,,2,,2,2,,1,2,,,2,,2,2,4,,3,,,,2,1,,3,4,5,,5,3,,,2,3,2,,0,0,1958,大學,2,家管,
467,1,1,1,,,4,,6,7,8,,,,3,,,2,,2,2,,1,2,,,1,,2,1,5,,3,,,,2,1,,3,,,,5,3,,,2,2,1,,0,3,1976,研究所以上,13,專業人員,
468,1,1,1,,3,,5,6,7,,9,10,90,1,,,2,,2,2,,2,5,,,2,,1,2,2,,3,,,,2,1,2,3,4,5,,8,3,,,2,2,2,,0,0,1996,大學,2,學生,
469,1,1,,,,,5,,7,8,,10,,1,,,2,,2,2,,2,2,,,1,,1,2,3,,1,,,,2,1,2,3,4,,,6,4,,,1,1,2,,0,0,1973,大學,2,專業人員,
470,1,2,,,,,,,,,,,,3,,,2,,2,2,,2,4,,,3,,1,2,2,,2,,,,2,1,,3,4,,,7,3,,,2,2,2,,1,0,1983,研究所以上,13,服務工作人員及銷售員,
471,1,2,,,,,,,,,,,,1,,,2,,2,2,,1,4,,,1,,2,2,5,,3,,,,2,1,,3,4,,,5,3,,,1,2,1,,1,0,1942,大學,4,退休,
472,1,1,1,2,3,4,,,7,,9,,,3,,,1,,2,2,,2,5,,,1,,2,2,4,,3,,,,2,1,2,3,4,,,9,3,,,1,1,1,,0,0,1985,大學,16,家管,
473,1,2,,,,,,,,,,,,2,,,1,,1,1,,1,1,,,1,,2,2,4,,4,,,,3,1,,3,4,,,4,3,,,2,2,1,,0,0,1973,專科,13,技術員及助理專業人員,
474,1,2,,,,,,,,,,,,92,,麻煩而且空氣又不好,1,,1,1,,1,2,,,1,,2,2,5,,99,,,,3,1,2,3,4,5,,1,3,,,2,1,2,,0,0,2001,大學,2,技術員及助理專業人員,
475,1,2,,,,,,,,,,,,3,,,2,,2,2,,2,1,,,1,,1,2,2,,2,,,,2,,2,3,4,5,,6,3,,,1,1,1,,0,0,1978,大學,1,服務工作人員及銷售員,
476,1,2,,,,,,,,,,,,3,,,1,,1,1,,1,1,,,1,,2,2,5,,99,,,,2,1,2,3,4,,,0,3,,,2,2,1,,1,0,1993,大學,6,其他,
477,1,1,1,2,,,,,7,8,,,,3,,,2,,1,1,,1,2,,,1,,2,2,4,,3,,,,2,1,2,3,,,,5,3,,,2,1,2,,1,0,1980,大學,14,技術員及助理專業人員,
478,1,2,,,,,,,,,,,,2,,,1,,2,2,,1,5,,,2,,2,2,5,,4,,,,2,1,2,3,,,,3,3,,,2,2,2,,0,0,1950,國/初中,13,農/林/漁/牧工作人員,
479,1,1,,,3,4,,,,,,10,,3,,,1,,2,1,,1,1,,,1,,1,1,3,,2,,,,2,1,2,3,4,5,,9,2,,,2,1,1,,1,0,1970,專科,13,機械設備操作工及組裝工,
480,1,1,1,,,,,,,,,,,3,,,2,,1,2,,1,5,,,1,,1,2,2,,2,,,,2,1,2,3,,5,,8,2,,,1,1,1,,1,0,1991,大學,14,技術員及助理專業人員,
481,1,1,,,,,,,7,,,,,1,,,2,,1,1,,1,2,,,1,,2,2,5,,3,,,,3,1,,3,,,,5,3,,,2,3,1,,0,0,1990,研究所以上,14,學生,
482,1,1,1,2,,4,,,,,,,,1,,,2,,2,1,,1,2,,,1,,2,2,4,,3,,,,3,1,2,3,4,5,,7,3,,,2,1,2,,1,0,1989,研究所以上,15,學生,
483,1,1,,2,,4,5,,,,9,,,1,,,2,,1,2,,2,5,,,1,,1,1,2,,1,,,,2,1,2,3,4,5,,10,3,,,2,2,2,,1,0,1972,大學,13,專業人員,
484,1,2,,,,,,,,,,,,3,,,2,,2,2,,1,2,,,2,,1,2,3,,1,,,,1,,,3,4,5,,5,2,,,1,1,1,,0,0,1980,大學,8,學生,
485,2,2,,,,,,,,,,,,3,,,2,,2,2,,2,5,,,2,,2,2,4,,3,,,,3,,,,4,,,5,4,,,2,2,1,,0,0,1990,研究所以上,8,學生,
486,1,1,,,,,,,7,8,9,,,3,,,2,,1,2,,2,90,頭和身體有煙味,,2,,2,2,5,,3,,,,2,1,,3,4,5,,10,3,,,1,1,1,,0,0,1995,大學,4,待業或無業,
487,1,1,1,2,,4,,,7,8,,,,3,,,2,,2,1,,1,5,,,2,,2,2,4,,3,,,,2,1,,3,4,,,8,3,,,1,1,1,,0,0,1970,,,,
488,1,1,,,,4,,,7,,,,90,3,,,2,,3,2,,2,2,,,1,,1,2,3,,2,,,,3,1,,3,,5,,9,3,,,1,1,2,,0,4,1985,專科,10,非技術工及體力工,
489,1,1,,2,3,,,6,,8,,,,3,,,2,,2,1,,1,1,,,1,,2,2,5,,3,,,,2,1,,3,,,,7,2,,,1,1,1,,0,0,1977,專科,4,服務工作人員及銷售員,
491,2,1,1,,,,,,,,,,,2,,,2,,1,2,,1,4,,,1,,2,2,5,,3,,,,2,,,,4,,,5,3,,,2,2,1,,0,0,2016,研究所以上,8,學生,
492,2,2,,,,,,,,,,,,1,,,2,,2,2,,1,4,,,1,,2,1,90,影響交通以及空氣汙染,4,,,,2,1,,,4,5,,5,3,,,2,2,2,,0,0,1993,研究所以上,1,學生,
493,1,1,1,,,,,,,8,9,,,2,,,2,,2,3,,2,5,,,2,,2,2,5,,3,,,,1,,,3,,,,8,2,,,1,2,2,,1,0,1993,研究所以上,8,學生,
494,1,1,1,2,,4,,6,7,8,9,10,,2,,,2,,2,2,,1,2,,,1,,1,2,3,,2,,,,2,1,,3,4,,,5,2,,,1,1,1,,1,0,1987,研究所以上,2,其他,
495,1,2,,,,,,,,,,,,1,,,2,,2,3,,2,5,,,2,,1,2,3,,2,,,,1,1,2,3,4,,,7,4,,,2,3,2,,1,0,1981,大學,1,其他,
496,1,1,,,3,,,,,,,,,1,,,2,,1,2,,2,1,,,1,,1,2,2,,3,,,,2,,,3,,,,7,1,,,1,1,2,,0,0,1970,,,,
497,1,1,1,2,,4,,,7,,,,,3,,,2,,2,3,,2,5,,,2,,2,2,90,沒感覺,3,,,,3,1,2,3,4,5,,8,3,,,2,1,2,,0,0,1992,大學,3,其他,
499,1,2,,,,,,,,,,,,3,,,1,,2,1,,1,4,,,1,,2,2,4,,3,,,,3,,,,,5,,6,3,,,1,1,1,,0,0,1974,高中/職,2,服務工作人員及銷售員,
500,1,1,,2,,,,,7,8,9,,,3,,,2,,2,2,,1,1,,,1,,2,2,5,,4,,,,1,1,,,,,,6,2,,,1,2,1,,0,0,1951,高中/職,4,服務工作人員及銷售員,
501,2,2,,,,,,,,,,,,3,,,2,,2,2,,1,2,,,1,,1,2,2,,3,,,,2,1,,,4,5,,7,3,,,2,2,1,,0,0,1996,大學,14,學生,
502,2,2,,,,,,,,,,,,1,,,2,,2,1,,1,1,,,1,,1,2,3,,2,,,,2,,,,,,99,6,3,,,2,1,1,,0,0,1998,專科,8,學生,
503,1,2,,,,,,,,,,,,3,,,2,,2,2,,1,2,,,2,,1,2,2,,3,,,,3,1,,,4,5,,5,2,,,2,1,1,,0,0,1987,大學,2,事務工作人員,
504,1,1,,2,,,,,,,,,,2,,,1,,3,1,,1,2,,,1,,2,2,1,,99,,,,2,,,,,,99,6,1,,,1,2,2,,1,0,1961,高中/職,15,專業人員,
506,1,1,,,3,4,,,,,,,,1,,,2,,1,1,,1,2,,,1,,1,2,1,,1,,,,2,1,2,3,,,,6,1,,,1,1,1,,0,0,1971,專科,6,事務工作人員,
508,1,2,,,,,,,,,,,,3,,,2,,1,1,,2,1,,,1,,2,1,4,,3,,,,3,1,2,3,4,5,,5,4,,,2,2,2,,1,0,1984,研究所以上,2,事務工作人員,
510,1,1,1,,,,,6,,,9,,,3,,,2,,1,2,,1,2,,,1,,2,2,4,,4,,,,2,1,,,4,5,,6,3,,,2,1,1,,1,0,1981,大學,2,技術工作及有關工作人員,
513,1,2,,,,,,,,,,,,92,,沒有烤肉的習慣,1,,2,1,,1,2,,,1,,2,2,5,,99,,,,1,,,,,5,,0,4,,,2,2,2,,0,0,1976,研究所以上,2,事務工作人員,
514,1,1,1,,3,,,6,,8,9,,,1,,,2,,2,1,,1,4,,,1,,2,1,4,,3,,,,2,1,2,3,4,5,,6,2,,,1,1,1,,0,0,1986,高中/職,2,服務工作人員及銷售員,
516,1,1,1,2,,4,,,7,8,9,10,,1,,,2,,3,3,,2,5,,,2,,1,2,2,,2,,,,2,,,3,,,,10,4,,,1,1,2,1,1,0,1976,專科,19,技術員及助理專業人員,
517,1,2,,,,,,,,,,,,3,,,2,,3,2,,2,3,,,2,,2,2,4,,3,,,,1,1,2,3,4,5,,6,4,,,2,2,1,,1,0,1980,大學,2,服務工作人員及銷售員,
518,1,1,,2,,,,,,8,9,,,3,,,2,,3,1,,1,1,,,2,,2,2,4,,3,,,,2,1,,3,4,,,8,3,,,1,1,2,,1,0,1974,大學,2,服務工作人員及銷售員,
519,1,1,1,2,3,4,,6,,8,9,,,3,,,2,,2,1,,2,5,,,2,,1,2,1,,1,,,,2,,,,,5,,10,3,,,1,1,2,,0,0,1984,高中/職,2,服務工作人員及銷售員,
521,1,1,1,,3,4,,6,,8,9,,,3,,,2,,2,2,,2,5,,,2,,1,2,1,,1,,,,2,,,,,5,,10,3,,,1,1,2,,1,0,1957,專科,2,技術工作及有關工作人員,
522,1,1,1,,,4,,,,8,9,,,1,,,1,,1,1,,1,5,,,1,,1,1,1,,1,,,,1,1,,,,,,8,1,,,2,1,1,,1,0,1970,,,,
523,1,2,,,,,,,,,,,,2,,,2,,2,2,,1,1,,,1,,2,2,5,,3,,,,2,1,2,3,,5,,4,2,,,2,2,1,,0,0,1970,,,,
524,2,2,,,,,,,,,,,,3,,,2,,3,2,,1,2,,,1,,2,2,4,,4,,,,2,,,,,5,,5,3,,,2,3,1,,0,0,1987,大學,2,技術工作及有關工作人員,
525,1,2,,,,,,,,,,,,3,,,1,,1,1,,1,4,,,1,,1,2,4,,4,,,,3,,,,4,,,1,3,,,2,2,2,,1,0,1984,大學,5,技術員及助理專業人員,
527,1,1,1,2,3,,,,7,8,9,,,3,,,2,,3,2,,1,5,,,2,,1,2,2,,3,,,,2,1,2,3,4,5,,10,3,,,1,1,1,,0,0,1970,,,,
530,1,1,,,,,5,,,,9,10,,2,,,1,,2,1,,1,1,,,1,,1,1,2,,2,,,,2,1,,3,,,,5,2,,,1,2,2,,1,0,1992,研究所以上,9,現役軍人,
531,2,2,,,,,,,,,,,,3,,,2,,2,2,,1,1,,,1,,1,2,2,,1,,,,2,1,2,,,,,10,3,,,2,2,1,,0,0,1984,高中/職,15,待業或無業,
532,2,2,,,,,,,,,,,,1,,,2,,2,2,,1,3,,,2,,2,2,4,,3,,,,3,,,,4,,,5,2,,,2,2,2,,1,0,1994,研究所以上,15,學生,
534,1,1,1,2,,,,,,,9,,,2,,,2,,2,2,,2,5,,,2,,1,1,2,,2,,,,2,1,,3,4,,,7,3,,,1,1,2,,1,4,1968,大學,9,技術員及助理專業人員,
535,1,1,1,,,,,,7,,,,,3,,,2,,2,2,,1,1,,,1,,2,1,2,,2,,,,3,,,3,,,,6,2,,,1,2,1,,1,0,1968,高中/職,8,技術員及助理專業人員,
536,2,1,,2,,,,,7,,,,,1,,,2,,2,2,,2,4,,,2,,1,2,2,,2,,,,2,,,3,,,,7,1,,,2,2,1,,1,0,1970,大學,15,專業人員,
538,1,2,,,,,,,,,,,,1,,,2,,2,1,,1,1,,,1,,2,2,5,,4,,,,2,1,,3,4,5,,5,1,,,2,1,1,,0,0,1985,大學,2,其他,
539,1,1,1,2,,,,,,8,9,,,3,,,2,,1,1,,2,5,,,2,,2,2,4,,3,,,,2,1,,3,,,,6,3,,,1,1,1,,1,0,1993,大學,15,服務工作人員及銷售員,
540,1,1,1,2,,,,6,7,8,9,,,1,,,2,,2,2,,2,2,,,2,,1,2,1,,1,,,,2,,,3,4,,,10,3,,,1,1,2,,1,0,1976,專科,19,技術員及助理專業人員,
542,1,2,,,,,,,,,,,,3,,,2,,3,3,,2,5,,,3,,1,2,3,,3,,,,2,,,,,5,,3,4,,,2,1,1,,0,0,1981,研究所以上,4,事務工作人員,
544,1,2,,,,,,,,,,,,1,,,2,,2,1,,1,2,,,1,,2,2,5,,99,,,,3,,,,,,99,6,2,,,2,2,1,,0,0,1995,大學,2,學生,
545,1,2,,,,,,,,,,,,3,,,2,,1,1,,1,1,,,1,,2,2,5,,99,,,,2,1,2,3,4,5,,0,4,,,2,3,2,,0,0,1984,研究所以上,2,技術員及助理專業人員,
547,2,2,,,,,,,,,,,,3,,,1,,1,1,,1,90,只出張嘴而不動手的人，吃飽就閃的人,,1,,2,2,5,,4,,,,2,,,,,5,,2,4,,,2,3,2,,1,0,1982,大學,14,技術員及助理專業人員,
548,2,2,,,,,,,,,,,,2,,,2,,2,2,,1,1,,,1,,2,2,4,,3,,,,2,1,,,,5,,5,2,,,2,1,1,,1,2,1987,研究所以上,14,事務工作人員,
549,2,2,,,,,,,,,,,,2,,,1,,1,1,,1,1,,,1,,2,2,4,,3,,,,2,1,,,,5,,5,1,,,2,1,1,,1,2,1987,研究所以上,14,事務工作人員,
552,1,1,1,2,3,4,5,6,7,8,9,10,,3,,,2,,2,2,,1,1,,,1,,2,2,5,,3,,,,1,,,,,,99,5,2,,,2,2,1,,1,0,1962,專科,14,待業或無業,
553,1,2,,,,,,,,,,,,2,,,2,,2,3,,1,1,,,2,,2,2,5,,3,,,,2,1,,,4,,,5,3,,,1,2,2,,1,0,1977,研究所以上,21,專業人員,
555,1,1,1,,,,,,7,,9,,,3,,,2,,3,2,,1,2,,,1,,2,2,4,,3,,,,1,,,,4,,,7,4,,,1,2,2,,1,0,1963,大學,1,退休,
556,1,2,,,,,,,,,,,,3,,,2,,2,2,,2,5,,,3,,1,2,2,,1,,,,2,1,2,3,,,,7,3,,,1,2,2,,1,0,1970,,,,
557,1,2,,,,,,,,,,,,3,,,2,,2,2,,1,1,,,1,,2,2,5,,99,,,,2,1,,,4,,,3,2,,,2,3,2,,0,0,1987,大學,1,事務工作人員,
562,1,1,1,2,,,,,7,8,,,,2,,,2,,2,3,,1,2,,,1,,2,2,4,,3,,,,2,1,2,3,4,,,4,2,,,2,1,1,,0,5,1981,大學,15,技術工作及有關工作人員,
563,1,2,,,,,,,,,,,,2,,,1,不環保,1,2,,2,1,,,1,,2,1,5,,99,,,,2,1,2,3,4,,,1,3,,,2,1,2,,1,0,1969,大學,8,其他,
564,2,2,,,,,,,,,,,,3,,,1,,1,1,,1,1,,,1,,2,2,5,,99,,,,3,1,,,,,,0,3,,,2,2,2,,0,0,1970,研究所以上,14,其他,
565,1,1,1,,,4,5,,7,8,9,10,,2,,,1,,2,2,,1,2,,,2,,1,1,3,,2,,,,2,1,2,3,,5,,8,2,,,1,2,1,,0,6,1966,大學,1,技術員及助理專業人員,
567,1,1,1,2,3,4,,,7,8,9,,,3,,,2,,2,1,,2,2,,,1,,1,2,4,,4,,,,2,1,,3,4,,,10,2,,,1,2,2,,1,0,1973,專科,15,專業人員,
568,1,2,,,,,,,,,,,,2,,,2,,2,2,,2,2,,,1,,2,2,4,,3,,,,2,1,,,,5,,3,2,,,1,1,1,,1,0,1991,大學,4,服務工作人員及銷售員,
572,1,1,1,2,,,,,,8,9,,,3,,,2,,2,2,,2,2,,,2,,1,2,2,,4,,,,2,1,,3,,,,6,3,,,1,1,1,,1,0,1980,高中/職,16,農/林/漁/牧工作人員,
573,1,2,,,,,,,,,,,,1,,,2,,3,2,,1,5,,,2,,1,2,3,,1,,,,2,1,,3,4,5,,8,3,,,1,2,2,,0,0,1994,大學,11,技術員及助理專業人員,
574,1,1,1,,,,,,7,8,,,,3,,,2,,2,1,,1,1,,,1,,1,2,2,,3,,,,2,1,,3,4,5,,10,3,,,1,1,1,,0,0,1992,大學,14,學生,
577,1,2,,,,,,,,,,,,3,,,2,,2,2,,1,5,,,2,,2,2,4,,3,,,,2,1,2,3,4,,,5,3,,,2,2,2,,1,0,1990,大學,2,技術員及助理專業人員,
582,1,1,1,,,4,,,,,,,,1,,,2,,1,1,,1,5,,,1,,1,1,1,,1,,,,2,1,2,3,,,,7,3,,,1,1,1,,1,0,1955,大學,6,事務工作人員,
584,1,2,,,,,,,,,,,,2,,,2,,3,1,,1,5,,,3,,2,2,4,,99,,,,2,,,,,,99,1,4,,,2,4,1,,1,0,1979,高中/職,2,其他,
585,2,2,,,,,,,,,,,,92,,自己烤比較有樂趣,2,,2,3,,1,5,,,1,,2,2,4,,3,,,,3,1,,,,5,,5,3,,,1,2,1,,1,0,1970,,,,
588,1,1,,,,,,,,8,9,,,3,,,2,,2,2,,1,2,,,1,,1,1,2,,3,,,,3,,,,,5,,8,3,,,1,1,1,,0,0,1985,大學,11,其他,
589,1,1,,,,,,,,,9,,,3,,,2,,2,2,,1,2,,,2,,1,1,3,,3,,,,3,,,,,5,,9,3,,,1,1,1,,0,0,1985,大學,11,其他,
590,1,1,1,,3,,,6,7,8,9,10,,3,,,2,,2,1,,1,5,,,2,,2,2,4,,3,,,,1,1,,,,,,10,2,,,2,2,2,,0,0,1966,高中/職,2,家管,
594,2,2,,,,,,,,,,,,1,,,2,,2,2,,1,1,,,2,,2,2,3,,3,,,,2,1,2,3,4,,,5,2,,,1,3,1,,1,0,1992,大學,9,學生,
595,1,2,,,,,,,,,,,,1,,,2,,2,2,,1,2,,,1,,1,1,3,,1,,,,2,1,,,4,,,10,3,,,1,1,1,,0,0,1990,大學,15,事務工作人員,
596,1,1,1,2,,4,,,7,8,9,10,,2,,,2,,2,2,,1,2,,,2,,1,1,2,,1,,,,2,,,3,4,,,8,2,,,2,2,1,,1,4,1950,大學,1,民意代表/行政主管/企業主管及經理人員,
597,1,1,1,2,3,,5,,7,8,9,10,,3,,,2,,1,1,,1,1,,,1,,1,1,2,,1,,,,2,,,3,,,,8,3,,,1,2,1,,0,0,1971,高中/職,14,家管,
598,1,2,,,,,,,,,,,,2,,,2,,1,2,,2,2,,,2,,2,2,4,,3,,,,3,1,2,3,4,5,,10,1,,,1,1,1,,0,4,1990,大學,15,服務工作人員及銷售員,
599,1,2,,,,,,,,,,,,3,,,2,,2,2,,1,1,,,1,,1,2,5,,3,,,,1,1,2,3,,,,3,3,,,1,2,1,,1,0,1972,研究所以上,5,家管,
600,1,1,1,,,4,5,,7,8,9,10,,2,,,2,,2,2,,1,1,,,2,,1,2,2,,2,,,,2,1,,3,4,,,8,1,,,1,2,2,,1,0,1988,研究所以上,1,專業人員,
601,1,2,,,,,,,,,,,,1,,,2,,2,2,,1,5,,,2,,1,2,2,,1,,,,2,1,,3,,,,5,2,,,1,1,2,,0,0,1983,研究所以上,16,農/林/漁/牧工作人員,
604,2,2,,,,,,,,,,,,3,,,2,,1,1,,1,2,,,1,,1,1,5,,4,,,,2,1,,,,,,2,2,,,2,1,1,,1,2,1994,大學,8,學生,
605,1,2,,,,,,,,,,,,3,,,2,,1,2,,1,1,,,1,,2,2,4,,2,,,,1,1,2,3,4,5,,0,2,,,2,1,1,,0,0,1989,研究所以上,15,家管,
606,1,1,1,,,,,,7,8,,,,3,,,2,,1,2,,1,2,,,1,,1,2,2,,3,,,,3,1,,3,,,,4,3,,,2,1,1,,0,0,1997,大學,2,事務工作人員,
607,1,2,,,,,,,,,,,,2,,,2,,2,1,,1,3,,,1,,2,2,5,,4,,,,2,1,2,3,4,,,4,2,,,2,3,2,,0,0,1947,國小以下,15,退休,
612,1,2,,,,,,,,,,,,1,,,2,,2,1,,1,2,,,2,,2,2,4,,3,,,,3,1,,,4,,,3,3,,,2,2,1,,0,0,1982,大學,15,農/林/漁/牧工作人員,
613,2,1,1,2,3,4,5,6,7,8,9,10,,1,,,1,,2,2,,1,2,,,2,,2,2,4,,99,,,,2,1,,,,,,1,2,,,2,1,1,,0,0,1985,大學,2,其他,
615,1,1,1,,,,,,,8,,,,1,,,1,,2,1,,1,2,,,1,,2,2,4,,4,,,,3,1,2,3,4,,,6,2,,,2,2,2,,0,0,1976,專科,15,事務工作人員,
616,1,2,,,,,,,,,,,,1,,,1,,1,1,,1,1,,,1,,2,2,5,,4,,,,2,1,,,,,,4,2,,,2,2,2,,0,0,1959,高中/職,3,家管,
623,2,2,,,,,,,,,,,,1,,,1,,2,2,,1,3,,,1,,2,1,5,,3,,,,3,,,,4,,,6,2,,,2,2,2,,1,4,1982,大學,8,服務工作人員及銷售員,
628,1,2,,,,,,,,,,,,3,,,1,,1,2,,1,1,,,2,,2,2,5,,3,,,,2,,,3,,5,,5,2,,,2,2,1,,0,0,1993,大學,11,服務工作人員及銷售員,
631,1,2,,,,,,,,,,,,3,,,1,,2,1,,1,3,,,1,,2,2,5,,3,,,,3,,,,4,,,3,3,,,1,2,1,,1,0,1985,研究所以上,2,技術工作及有關工作人員,
632,1,2,,,,,,,,,,,,3,,,2,,2,3,,1,2,,,2,,2,2,4,,3,,,,3,1,2,3,4,5,,4,3,,,2,3,2,,1,0,1977,大學,5,事務工作人員,
637,1,1,1,2,,,,,,,9,,,1,,,2,,1,1,,1,2,,,1,,2,2,1,,4,,,,1,,,,,5,,10,2,,,1,1,1,,0,0,1996,大學,15,學生,
639,1,1,1,2,,4,,,7,8,9,10,,3,,,2,,2,2,,2,5,,,2,,1,2,3,,2,,,,2,1,2,3,4,5,,9,4,,,2,1,2,,0,0,1972,專科,1,服務工作人員及銷售員,
644,1,1,1,2,3,4,5,6,7,,9,10,,3,,,2,,1,2,,1,1,,,1,,1,2,3,,3,,,,2,1,2,3,4,5,,10,3,,,1,2,2,1,1,0,1961,大學,2,專業人員,
645,1,1,1,2,,,,,7,,,,,92,,自己烤可以省錢買肉,2,,2,2,,2,1,,,1,,2,2,5,,3,,,,3,,,,4,,,6,3,,,1,2,1,,1,0,1978,專科,15,其他,
647,1,2,,,,,,,,,,,,3,,,2,,2,3,,2,5,,,2,,2,2,4,,3,,,,3,1,2,3,,,,10,3,,,1,2,1,,0,0,1982,高中/職,1,家管,
648,2,2,,,,,,,,,,,,2,,,2,,2,2,,1,1,,,1,,1,2,3,,2,,,,2,,,,,5,,6,3,,,1,2,2,,1,0,1982,大學,8,待業或無業,
649,2,1,1,2,,,,,7,8,,,,1,,,2,,2,2,,2,5,,,2,,1,2,3,,3,,,,1,,,,4,,,6,2,,,2,2,1,,0,0,1996,高中/職,15,待業或無業,
651,1,1,1,2,,,,,,,,,,3,,,2,,1,1,,1,5,,,2,,2,1,4,,3,,,,3,1,2,3,4,5,,5,3,,,2,2,2,,1,0,1995,大學,2,學生,
653,1,1,,,,,,,7,8,9,,,3,,,2,,2,1,,2,5,,,2,,2,2,1,,3,,,,2,1,,,,,,6,3,,,1,1,1,,0,0,1987,大學,9,其他,
655,1,2,,,,,,,,,,,,3,,,1,,1,1,,1,1,,,1,,2,2,5,,4,,,,3,1,2,3,,5,,0,3,,,2,2,2,,1,0,1978,專科,15,服務工作人員及銷售員,
656,1,2,,,,,,,,,,,,3,,,2,,2,3,,2,2,,,2,,2,2,5,,3,,,,1,1,,,4,,,3,3,,,1,2,1,,0,0,1995,大學,1,待業或無業,
659,1,1,1,2,3,,,,,,,,,3,,,2,,2,2,,1,1,,,1,,1,2,2,,1,,,,2,1,,3,,,,7,2,,,1,2,1,,1,0,1978,專科,4,服務工作人員及銷售員,
662,1,2,,,,,,,,,,,,3,,,2,,2,2,,2,2,,,1,,2,2,4,,3,,,,1,,,3,,,,5,2,,,1,3,1,,0,0,1985,大學,2,事務工作人員,
665,1,1,1,,,,,6,,8,,,,3,,,2,,2,2,,1,2,,,1,,2,2,4,,3,,,,2,1,2,3,4,5,,8,3,,,2,1,1,,0,0,1979,大學,1,事務工作人員,
667,2,2,,,,,,,,,,,,3,,,2,,1,1,,1,1,,,1,,2,2,5,,3,,,,2,1,,,,5,,5,3,,,2,1,1,,0,0,1984,大學,3,技術員及助理專業人員,
668,1,2,,,,,,,,,,,,1,,,1,,1,1,,1,1,,,1,,1,1,3,,3,,,,2,1,2,3,4,5,,2,1,,,2,1,1,,1,0,1990,大學,2,技術工作及有關工作人員,
672,1,1,,,3,,,,,,,,,1,,,2,,1,1,,1,5,,,1,,1,1,2,,3,,,,2,,,,4,,,6,3,,,1,2,1,,0,0,2001,研究所以上,15,技術工作及有關工作人員,
674,1,1,1,2,3,4,,6,7,,9,,,3,,,2,,3,2,,1,3,,,1,,2,2,4,,3,,,,2,,,,,5,,7,4,,,2,1,2,,0,0,1995,大學,15,學生,
676,2,2,,,,,,,,,,,,92,,感受不到烤肉趣,2,,2,2,,2,90,全部都是,,1,,1,2,90,天秤,2,,,個有個的好,2,,,,,5,,10,4,,,1,1,1,,0,0,1986,高中/職,9,待業或無業,
677,1,1,1,,3,,,,,,,,,3,,,2,,2,2,,2,5,,,2,,2,2,5,,4,,,,2,,,3,,,,7,2,,,1,2,2,,1,0,1968,高中/職,14,農/林/漁/牧工作人員,
680,1,1,1,2,,4,,,,8,9,,,1,,,2,,1,1,,1,1,,,1,,1,2,3,,3,,,,3,,,3,,,,6,4,,,2,1,1,,1,0,1982,大學,14,專業人員,
681,1,2,,,,,,,,,,,,3,,,2,,2,2,,1,5,,,2,,2,2,5,,4,,,,2,1,2,3,4,5,,5,3,,,2,1,1,,1,0,1988,大學,1,事務工作人員,
682,1,2,,,,,,,,,,,,2,,,1,,3,1,,1,1,,,1,,2,2,5,,99,,,,1,,,,,,99,0,3,,,2,1,1,,1,0,1982,大學,2,待業或無業,
683,2,2,,,,,,,,,,,,3,,,2,,2,2,,2,2,,,2,,2,2,4,,3,,,,2,1,,,,5,,7,4,,,2,2,1,,0,0,1984,大學,18,技術員及助理專業人員,
684,2,2,,,,,,,,,,,,3,,,1,,3,1,,1,1,,,1,,2,2,4,,99,,,,3,,,,,5,,0,2,,,2,2,2,,1,0,1992,研究所以上,9,學生,
685,1,2,,,,,,,,,,,,1,,,1,,1,1,,1,1,,,1,,2,1,5,,3,,,,2,,,,4,,,0,3,,,1,1,1,,1,0,1960,大學,8,民意代表/行政主管/企業主管及經理人員,
687,1,1,,,,,,,,8,,,,1,,,1,,2,2,,1,4,,,1,,1,2,3,,1,,,,3,,,,4,,,6,3,,,2,1,2,,0,0,1972,專科,14,家管,
688,1,1,1,,3,,,,,8,9,,,3,,,2,,2,2,,2,5,,,3,,1,2,2,,1,,,,3,1,2,3,,,,7,2,,,1,1,1,,1,0,1984,研究所以上,9,專業人員,
689,1,2,,,,,,,,,,,,1,,,1,,1,2,,1,1,,,1,,1,2,1,,1,,,,2,1,,,,,,7,3,,,2,1,1,,0,0,1969,高中/職,2,事務工作人員,
690,2,2,,,,,,,,,,,,3,,,2,,2,2,,1,4,,,1,,1,2,2,,3,,,,2,,,,4,,,6,2,,,2,1,1,,0,0,1987,大學,2,服務工作人員及銷售員,
691,1,2,,,,,,,,,,,,1,,,2,,1,1,,1,1,,,2,,2,2,90,不錯 很有創意 但自己不會想參加,99,,,,2,1,2,3,4,,,1,2,,,2,2,1,,0,0,1997,大學,16,學生,
692,1,1,1,2,,,,,7,8,,,,1,,,2,,1,1,,1,1,,,1,,1,1,2,,3,,,,3,1,,3,4,,,7,2,,,1,2,2,,0,0,1992,研究所以上,23,專業人員,
693,1,1,1,2,,,,,7,,,,,3,,,2,,1,2,,1,1,,,1,,1,2,2,,3,,,,2,1,,3,4,,,8,2,,,1,1,1,,0,0,1994,大學,2,學生,
694,1,1,1,2,3,4,5,6,7,,,10,,1,,,2,,1,2,,1,1,,,1,,1,2,1,,3,,,,2,1,2,3,4,5,,10,3,,,1,2,1,,1,0,1961,大學,2,專業人員,
695,1,2,,,,,,,,,,,,3,,,1,其實不一定要烤肉,1,1,,1,1,,,1,,2,2,5,,3,,,,1,,,,,5,,5,3,,,2,1,1,,0,0,1991,高中/職,18,專業人員,
696,1,2,,,,,,,,,,,,3,,,1,,1,2,,1,1,,,1,,2,2,5,,99,,,,1,1,,,,,,4,3,,,2,2,1,,1,0,1973,高中/職,8,技術員及助理專業人員,
697,1,1,,2,,4,,6,,,,,,3,,,2,,2,2,,1,2,,,1,,2,2,5,,3,,,,1,1,,3,4,5,,7,3,,,2,1,1,,0,0,1985,大學,1,其他,
698,1,2,,,,,,,,,,,,2,,,2,,1,1,,1,4,,,1,,1,2,90,有好也有壞,1,,,,3,1,,3,,,,3,2,,,2,2,2,,1,0,1984,大學,3,待業或無業,
699,1,1,,,,,,,,8,,,,1,,,2,,2,3,,1,5,,,3,,1,2,2,,1,,,,1,1,,3,,,,9,2,,,1,1,2,,1,0,1983,大學,14,專業人員,
700,1,1,1,,,,,,,,9,,,1,,,2,,2,1,,1,2,,,2,,1,1,2,,1,,,,2,1,,3,4,,,9,2,,,1,1,1,,0,0,1987,,8,,
701,1,1,1,,,,,6,,8,,,,3,,,2,,2,2,,1,2,,,1,,1,2,3,,3,,,,3,1,,3,4,5,,7,4,,,2,2,1,,0,0,1983,大學,15,技術員及助理專業人員,
702,1,2,,,,,,,,,,,,3,,,2,,2,3,,2,1,,,1,,2,2,5,,3,,,,2,1,,,,5,,8,3,,,2,2,2,,1,0,1983,研究所以上,8,事務工作人員,
704,1,2,,,,,,,,,,,,3,,,2,,2,2,,2,1,,,1,,2,2,5,,3,,,,3,,,,,5,,5,2,,,1,1,1,,0,0,1995,大學,1,學生,
705,2,2,,,,,,,,,,,,3,,,2,,2,2,,2,5,,,2,,1,2,3,,2,,,,3,,,,,5,,7,3,,,1,2,2,,1,0,1976,大學,7,非技術工及體力工,
706,1,1,1,,,,,,,8,9,,,92,,不熟識，到底該理所當然接受服務，還是要一起過節一起玩？,2,,1,1,,1,1,,,1,,2,2,90,不喜歡，會影響交通、製造空氣汙染、噪音問題,3,,,,2,1,,3,,,,5,90,距離產生美感，社群媒體是聯繫感情的好工具，但偶爾相聚能凝聚情感,,1,2,1,,0,0,1991,專科,5,服務工作人員及銷售員,
707,1,1,1,2,3,4,5,6,,,9,10,,3,,,2,,3,2,,2,2,,,2,,2,2,4,,4,,,,3,1,2,3,4,5,,7,3,,,1,1,1,,1,0,1988,研究所以上,9,非技術工及體力工,
708,1,1,1,2,3,,,,7,,9,,,2,,,2,,1,2,,1,1,,,1,,2,1,90,沒有特別喜歡,3,,,,2,1,2,3,,,,3,4,,,2,1,1,,1,0,1985,大學,6,服務工作人員及銷售員,
709,1,1,,,,,,,7,,,,,3,,,2,,2,1,,1,2,,,1,,2,1,4,,3,,,,2,1,,3,,,,5,2,,,2,2,1,,1,0,1991,大學,4,機械設備操作工及組裝工,
710,1,1,1,2,3,4,,,,8,,,,3,,,2,,2,2,,2,2,,,2,,1,2,2,,2,,,,2,,,3,4,5,,10,3,,,1,1,1,,0,0,1982,高中/職,14,技術工作及有關工作人員,
711,2,1,1,2,3,,,6,7,,,10,,1,,,2,,2,1,,1,2,,,1,,2,2,4,,3,,,,2,1,,,,,,5,2,,,2,2,1,,1,0,1995,大學,1,學生,
712,1,2,,,,,,,,,,,,3,,,2,,2,2,,2,2,,,1,,1,2,2,,3,,,,2,,,,,5,,10,3,,,1,3,1,,0,0,1986,大學,8,其他,
714,2,2,,,,,,,,,,,,3,,,2,,2,2,,1,2,,,1,,1,1,3,,4,,,,4,,,,,,99,5,3,,,2,2,1,,1,0,1995,高中/職,14,現役軍人,
715,1,2,,,,,,,,,,,,1,,,2,,2,1,,1,2,,,1,,2,2,4,,99,,,,3,,,,,5,,4,3,,,2,2,1,,0,0,1977,大學,8,事務工作人員,
716,1,1,1,,,,,,,8,9,,,1,,,2,,1,2,,1,1,,,1,,2,1,3,,2,,,,1,,2,3,,,,8,2,,,1,3,2,,1,0,1970,,,,
717,2,2,,,,,,,,,,,,3,,,2,,2,1,,1,1,,,1,,1,2,4,,3,,,,2,,,3,,,,8,2,,,2,1,2,,1,0,1977,大學,4,技術員及助理專業人員,
718,1,1,1,,,4,,6,,,,,,1,,,2,,1,1,,1,1,,,1,,1,1,2,,3,,,,2,,,3,,,,7,3,,,2,1,2,,0,0,1970,,,,
719,1,1,1,,,4,5,,,8,9,,,3,,,1,,1,1,,1,4,,,1,,2,2,3,,4,,,,2,1,,,,,,7,3,,,1,1,2,,0,0,1970,,,,
720,1,2,,,,,,,,,,,,92,,不健康不環保,1,,1,3,,1,2,,,1,,2,2,5,,99,,,,3,1,,,,,,3,3,,,2,1,1,,0,0,1978,專科,1,服務工作人員及銷售員,
721,1,1,1,2,,,,,,8,9,,,3,,,2,,1,1,,1,2,,,2,,1,2,3,,3,,,,3,1,,3,4,,,7,3,,,1,1,1,,0,0,1992,大學,2,事務工作人員,
722,2,2,,,,,,,,,,,,3,,,2,,2,2,,1,5,,,2,,2,2,4,,3,,,,3,1,,,,,,5,2,,,1,1,1,,0,0,1988,大學,2,服務工作人員及銷售員,
723,1,2,,,,,,,,,,,,3,,,2,,1,2,,1,2,,,1,,1,2,2,,3,,,,2,1,,3,,,,7,1,,,1,2,1,,1,0,1970,大學,2,退休,
724,1,2,,,,,,,,,,,,3,,,2,,1,2,,1,1,,,1,,1,2,2,,3,,,,2,1,2,3,,5,,5,3,,,2,2,2,,1,0,1986,大學,2,技術工作及有關工作人員,
725,2,1,1,,3,,,,,8,9,,,3,,,2,,2,2,,2,3,,,1,,1,1,2,,4,,,,3,,,3,,,,5,2,,,1,2,1,,0,3,1997,專科,14,學生,
726,1,2,,,,,,,,,,,,3,,,2,,2,2,,1,2,,,1,,2,2,4,,4,,,,3,,,,,5,,3,2,,,2,3,2,,0,0,1982,大學,4,技術工作及有關工作人員,
727,1,2,,,,,,,,,,,,3,,,2,,2,1,,1,5,,,2,,2,2,4,,3,,,,2,1,,,4,,,10,3,,,1,2,1,,0,0,1991,大學,14,事務工作人員,
728,2,1,1,,,,,,,,,,,3,,,2,,2,2,,1,5,,,1,,2,2,4,,3,,,,2,1,,,,,,5,3,,,2,1,2,,1,0,1980,大學,14,技術工作及有關工作人員,
730,1,2,,,,,,,,,,,,2,,,2,,2,2,,1,5,,,2,,1,1,2,,3,,,,2,1,2,3,4,5,,8,3,,,1,2,2,,1,4,1981,專科,4,技術員及助理專業人員,
731,1,1,1,2,3,,5,,,,9,10,,2,,,2,,2,3,,1,2,,,2,,2,2,4,,3,,,,2,1,,3,4,,,5,3,,,2,2,1,,0,0,1996,大學,1,學生,
732,1,1,1,2,3,4,,,,8,,,,3,,,2,,2,3,,2,5,,,2,,1,2,1,,1,,,,3,1,,,,,,9,4,,,2,1,2,,0,1,1979,高中/職,15,家管,
733,1,2,,,,,,,,,,,,3,,,2,,2,2,,1,4,,,1,,1,2,2,,1,,,,2,,,,,5,,6,3,,,2,2,1,,0,0,1977,專科,5,其他,
734,1,1,,,3,,,,,,,,,3,,,2,,1,2,,1,5,,,2,,2,2,4,,3,,,,1,,,3,,,,6,2,,,1,1,1,,0,0,1982,,7,,
737,2,2,,,,,,,,,,,,3,,,2,,2,2,,1,1,,,1,,1,2,3,,3,,,,3,1,,,,5,,5,3,,,2,1,1,,1,0,1984,研究所以上,8,專業人員,
3,1,1,,,,4,,,7,8,,,,1,,,1,,2,1,,1,2,,,1,,2,2,5,,3,,,,3,,,,,5,,4,3,,,1,1,1,,,,,,,,
23,1,2,,,,,,,,,,,,1,,,2,,1,1,,1,1,,,1,,1,1,90,有利有弊,2,,,,3,1,2,3,4,5,,5,3,,,2,2,1,1,0,,,5,15,7,
30,1,1,1,,,,,,,,9,10,,3,,,1,,2,1,,1,2,,,1,,1,2,2,,3,,,,3,1,2,3,4,5,,5,3,,,2,2,1,,,,,,,,
51,1,1,,,,4,,,7,8,,,,92,,一定多出不必要支出,2,,2,2,,1,2,,,2,,1,1,3,,1,,,,2,,,3,4,5,,7,3,,,1,2,2,,,,,,,,
52,1,1,,,,,,6,,,,,,2,,,1,,2,3,,2,3,,,3,,1,2,2,,99,,,,2,,,,,5,,7,2,,,2,2,2,,,,,,,,
125,1,2,,,,,,,,,,,,3,,,2,,1,2,,1,1,,,1,,2,2,5,,4,,,,1,1,2,3,4,5,,3,2,,,2,2,2,,,,,,,,
131,1,2,,,,,,,,,,,,2,,,2,,2,2,,1,5,,,1,,2,2,5,,3,,,,2,1,,3,,,,5,2,,,2,2,1,,,,,,,,
223,1,2,,,,,,,,,,,,3,,,1,,1,3,,2,1,,,1,,2,2,5,,3,,,,1,1,2,3,,,,3,4,,,2,1,1,,,,,,,,
257,2,1,,,,,,,,,9,,,3,,,1,,3,1,,1,1,,,1,,2,2,3,,99,,,,2,,,3,,,,5,4,,,1,1,1,2,,6,,5,14,8,
285,1,2,,,,,,,,,,,,3,,,2,,2,2,,1,1,,,1,,2,2,5,,3,,,,2,1,2,3,4,5,,4,3,,,2,1,1,,,,,,,,
291,1,1,,,3,,,6,,,,,,3,,,2,,2,2,,1,1,,,2,,1,2,2,,3,,,,2,1,,,,,,6,2,,,1,2,1,,,,,,,,
353,1,1,1,,,,,,,8,,,,3,,,2,,3,2,,2,5,,,3,,1,1,4,,3,,,,2,,,,,5,,0,1,,,1,2,1,1,1,,,5,15,7,
403,1,2,,,,,,,,,,,,3,,,2,,1,3,,2,2,,,1,,2,2,5,,3,,,,2,1,,,,,,4,1,,,2,2,2,1,1,,,6,15,15,
404,1,2,,,,,,,,,,,,3,,,1,,1,2,,2,2,,,1,,2,2,4,,3,,,,2,1,,,,,,4,1,,,2,2,2,1,0,,,5,15,14,
407,1,1,1,2,,,5,6,7,,9,10,,3,,,2,,2,2,,1,1,,,2,,1,2,1,,1,,,,2,1,2,3,4,5,,10,2,,,2,1,1,,,,,,,,
414,1,2,,,,,,,,,,,,2,,,2,,1,2,,1,90,衣物沾染煙味,,1,,1,2,3,,1,,,,3,1,2,3,4,5,,7,3,,,1,1,1,1,0,,,5,7,6,
440,1,1,1,,3,,,6,,,9,,,1,,,2,,2,2,,1,2,,,1,,1,2,2,,1,,,,2,,,,4,,,5,3,,,1,2,2,1,1,,,5,2,2,
507,1,1,1,2,,,5,,,,9,,,3,,,2,,2,2,,1,1,,,1,,2,2,1,,3,,,,2,1,,3,,,,9,3,,,1,1,1,1,1,,,3,15,13,
512,1,1,1,2,,4,,,7,,,,,3,,,2,,2,2,,1,4,,,2,,2,2,4,,3,,,,3,1,2,3,,,,6,2,,,2,2,2,3,0,,,5,14,7,
526,1,1,,,,,5,,7,8,,10,,3,,,2,,1,2,,2,1,,,1,,2,2,4,,4,,,,2,,,3,,,,7,3,,,2,4,2,1,0,,,2,9,13,
529,1,1,1,,3,,5,,7,8,9,10,,3,,,2,,3,2,,2,5,,,3,,1,2,2,,3,,,,2,1,2,3,4,5,,10,3,,,1,2,1,1,1,,,2,1,10,
533,2,2,,,,,,,,,,,,3,,,2,,2,1,,1,2,,,1,,1,2,4,,3,,,,3,1,,,,,,3,3,,,2,1,1,1,0,,,6,2,4,
537,1,1,1,2,,,5,,,8,9,10,,3,,,2,,2,3,,2,1,,,1,,2,2,4,,3,,,,1,1,,3,4,,,8,3,,,1,1,1,1,0,,,5,1,6,
541,1,1,1,,,,,,,,9,,90,1,,,2,,2,1,,1,2,,,2,,1,2,3,,1,,,,2,1,2,3,4,5,,7,3,,,1,2,2,1,0,,,5,17,13,
546,1,1,1,2,,,,,,,,,,3,,,2,,2,2,,2,1,,,1,,1,2,2,,3,,,,4,,,3,4,,,10,1,,,1,2,2,,,,,,,,
554,1,1,,2,,,5,6,,,,,,3,,,2,,2,2,,1,1,,,1,,2,2,4,,3,,,,1,,,3,,,,7,2,,,1,1,1,1,1,,,5,4,13,
560,1,1,1,,,,,,,,,,,1,,,2,,2,1,,1,4,,,1,,2,2,5,,3,,,,2,,,3,,,,6,2,,,2,1,1,,,,,,,,
566,2,2,,,,,,,,,,,,3,,,2,,1,2,,2,4,,,1,,1,2,3,,4,,,,2,,,,4,,,9,3,,,1,2,2,1,0,,,3,20,13,
570,1,1,1,,,,,,,,9,,,3,,,2,,2,2,,2,2,,,2,,2,2,3,,3,,,,2,,,3,,,,8,2,,,1,1,1,1,1,,,5,15,5,
571,1,1,,2,,,5,,,,,,,2,,,2,,1,2,,1,4,,,2,,1,1,2,,1,,,,2,,2,,,,,7,2,,,1,2,2,1,1,,,5,1,6,
578,1,1,1,,,4,,,7,8,,,,3,,,2,,1,2,,1,2,,,2,,2,2,4,,3,,,,2,1,2,,4,5,,5,3,,,2,1,1,1,1,,,5,1,13,
580,1,1,,,,,,,,,,10,,1,,,2,,3,3,,2,4,,,2,,1,1,1,,1,,,,1,1,2,,,,,7,4,,,1,1,2,1,1,,,6,8,5,
583,2,2,,,,,,,,,,,,1,,,2,,3,2,,1,2,,,1,,1,2,3,,2,,,,4,1,2,3,,5,,5,2,,,1,3,2,1,1,,,5,8,9,
586,1,1,1,,3,4,,6,7,8,,,,2,,,1,,3,3,,2,1,,,2,,2,2,5,,3,,,,2,,,3,4,,,6,1,,,1,2,2,1,1,,,4,15,7,
587,2,2,,,,,,,,,,,,3,,,2,,2,2,,1,1,,,1,,2,2,5,,3,,,,3,,,,,5,,5,3,,,2,2,1,1,0,,,5,4,7,
602,1,1,1,,,4,,,7,,,10,90,3,,,2,,1,2,,1,1,,,1,,2,2,5,,3,,,,2,1,2,3,4,5,,4,3,,,2,1,1,1,0,,,6,4,6,
603,1,1,1,2,,4,5,6,,8,9,,,1,,,2,,3,3,,2,5,,,3,,1,2,1,,2,,,,4,1,2,3,4,5,,10,4,,,1,4,2,1,1,,,3,13,15,
609,1,1,,,,,,,7,8,9,,,3,,,2,,1,2,,1,2,,,1,,2,2,3,,3,,,,2,,,3,,,,6,4,,,1,1,1,1,1,,,6,14,15,
622,2,1,1,,,,,6,,8,,,,1,,,2,,2,2,,1,4,,,1,,2,2,5,,3,,,,3,1,,3,,,,7,3,,,1,1,1,,,,,,,,
626,1,1,,,,,,,7,,,,,3,,,1,,1,1,,1,1,,,1,,2,2,5,,4,,,,3,1,,,4,,,5,4,,,2,3,1,2,,3,,5,14,6,
627,1,1,1,,,,5,,,8,,,,2,,,2,,2,2,,1,2,,,2,,1,2,3,,2,,,,2,,,3,,,,10,3,,,1,2,2,1,0,,,5,2,13,
629,1,2,,,,,,,,,,,,3,,,2,,1,2,,1,2,,,2,,1,2,3,,3,,,,2,1,2,,4,,,5,2,,,2,2,1,1,1,,,6,15,2,
630,1,1,1,2,,,,,7,8,,,,3,,,2,,2,2,,1,2,,,1,,1,1,2,,1,,,,2,1,,3,4,,,6,3,,,2,2,1,1,0,,,5,14,12,
633,1,2,,,,,,,,,,,,3,,,2,,2,2,,2,5,,,2,,1,2,2,,2,,,,2,1,,3,4,,,10,4,,,1,2,1,1,0,,,3,9,13,
634,1,1,1,2,,,,6,,8,9,,,1,,,2,,2,2,,2,4,,,2,,1,1,2,,3,,,,1,,,,,5,,6,2,,,1,2,1,1,1,,,5,9,15,
636,1,2,,,,,,,,,,,,2,,,2,,2,1,,1,2,,,1,,2,2,2,,3,,,,2,,,,4,,,10,2,,,1,1,1,1,1,,,3,4,9,
638,1,1,1,,,,,,,,,,,3,,,2,,2,2,,1,2,,,2,,2,2,4,,3,,,,3,1,,3,,5,,7,3,,,1,2,1,1,0,,,5,13,5,
640,1,1,1,,,,,,,8,,,90,3,,,2,,2,1,,2,2,,,1,,2,2,2,,3,,,,3,1,,,,,,8,3,,,1,1,1,,,,,,,,
650,1,2,,,,,,,,,,,,2,,,1,,1,1,,1,2,,,1,,1,2,3,,2,,,,2,1,2,3,4,5,,2,4,,,2,2,1,1,1,,,6,2,6,
652,1,2,,,,,,,,,,,,2,,,2,,1,1,,1,1,,,1,,2,2,4,,3,,,,3,1,,,,5,,6,3,,,1,1,1,1,0,,,5,4,6,
654,2,1,1,2,,,5,,,,,,,3,,,2,,2,1,,1,2,,,1,,2,2,4,,3,,,,3,,,,4,,,4,3,,,2,2,1,1,1,,,5,10,7,
657,2,2,,,,,,,,,,,,1,,,2,,1,2,,1,1,,,1,,1,1,5,,3,,,,3,1,,,4,,,3,3,,,2,1,1,1,0,,,5,8,6,
658,1,1,,2,,,,,7,8,9,10,,3,,,2,,1,2,,1,1,,,1,,1,2,1,,2,,,,1,1,,,,,,7,1,,,1,2,1,1,0,,,5,12,7,
661,1,2,,,,,,,,,,,,3,,,2,,2,1,,1,5,,,2,,1,2,4,,3,,,,2,,,,,5,,6,3,,,1,3,1,1,1,,,5,15,15,
666,1,1,1,2,,4,,,,,,10,,92,,花費更高,2,,2,1,,2,4,,,1,,2,2,5,,3,,,,2,1,,3,,,,9,3,,,1,1,1,,,,,,,,
669,1,2,,,,,,,,,,,,3,,,1,,1,2,,2,1,,,1,,2,2,5,,3,,,,2,,,,4,,,4,3,,,2,2,1,1,1,,,5,2,12,
675,1,1,1,,,,,,7,,9,,90,3,,,2,,1,3,,2,1,,,1,,2,2,90,很擁擠,99,,,,2,1,2,3,4,,,10,2,,,2,1,1,1,0,,,5,15,13,
678,1,1,1,2,,,,,,8,9,,90,2,,,2,,2,2,,1,1,,,1,,2,1,5,,3,,,,3,1,,3,4,,,8,3,,,1,1,2,1,1,,,5,15,13,
686,2,2,,,,,,,,,,,,3,,,2,,2,1,,1,1,,,1,,2,2,4,,3,,,,2,,,,,5,,10,3,,,1,1,1,,,,,,,,
735,1,2,,,,,,,,,,,,2,,,2,,1,2,,1,1,,,1,,1,2,3,,2,,,,3,,2,3,,,,8,3,,,1,2,1,,,,,,,,
736,1,1,1,,,,,6,7,,,10,90,3,,,2,,1,1,,1,1,,,2,,2,2,4,,4,,,,1,1,2,3,,5,,8,3,,,1,2,2,,,,,,,,
